State,NAICS,Meaning,Year,Value_D,"Relative standard error for estimate of sales, value of shipments, or revenue (%)",Payroll_D,Error,FirstQuarter_D,Relative standard error for estimate of first-quarter payroll (%),Employees_C,Relative standard error for estimate of number of employees (%),Production workers for pay period including March 12,Relative standard error for estimate of production workers for pay period including March 12 (%),HoursAnum_T,Relative standard error for estimate of production workers annual hours (%),WagesAnum_D,Relative standard error for estimate of production workers annual wages (%),MaterialCost_D,Relative standard error for estimate of total cost of materials  (%),ValueAdded_D,Relative standard error for estimate of value added (%),ConstantCapital_D,Relative standard error for estimate of total capital expenditures (new and used)  (%),"Range indicating percent of total sales, value of shipments, or revenue imputed",Range indicating percent of total annual payroll imputed,Range indicating percent of total employees imputed
Alabama,311,Food manufacturing,2021,"15,236,298",1.1,"1,326,716",3.4,"327,442",6.6,"35,528",10.5,"29,921",8.9,"56,605",10.0,"926,043",4.4,"9,744,223",1.2,"5,601,076",2.0,"213,193",2.1,20% to less than 30%,10% to less than 20%,20% to less than 30%
Alabama,3111,Animal food manufacturing,2021,"1,596,364",0.5,"72,700",0.8,"17,681",1.0,"1,220",0.2,925,0.3,"2,016",0.3,"47,603",0.6,"932,190",0.9,"668,381",0.2,"22,633",0.8,10% to less than 20%,10% to less than 20%,40% to less than 50%
Alabama,3112,Grain and oilseed milling,2021,"2,879,483",0.0,"65,363",0.0,"15,644",0.0,942,0.0,651,0.0,"1,534",0.0,"37,962",0.0,"2,538,229",0.0,"386,160",0.0,"25,520",0.0,Less than 10%,Less than 10%,Less than 10%
Alabama,3113,Sugar and confectionery product manufacturing,2021,"119,124",0.0,D,D,D,D,170,0.0,D,D,209,0.0,"5,594",0.0,D,D,"58,295",0.0,D,D,90% to 100%,D,90% to 100%
Alabama,3114,Fruit and vegetable preserving and specialty food manufacturing,2021,"20,594",0.0,D,D,D,D,14,0.0,D,D,45,0.0,661,0.0,D,D,"12,648",0.0,D,D,Less than 10%,D,90% to 100%
Alabama,3115,Dairy product manufacturing,2021,"485,183",0.0,"56,493",0.0,"13,889",0.0,"1,111",0.0,702,0.0,"1,609",0.0,"38,358",0.0,"289,383",0.0,"198,196",0.0,"6,728",0.0,60% to less than 70%,60% to less than 70%,70% to less than 80%
Alabama,3116,Animal slaughtering and processing,2021,"8,680,310",1.8,"923,113",2.6,"217,789",2.7,"24,760",2.1,"22,200",2.1,"41,172",3.6,"743,592",3.2,"5,100,358",2.3,"3,626,713",3.0,"134,461",2.3,30% to less than 40%,10% to less than 20%,20% to less than 30%
Alabama,3117,Seafood product preparation and packaging,2021,"199,277",16.4,"67,289 (s)",55.2,"27,923 (s)",74.0,"4,728 (s)",78.4,"3,496 (s)",74.7,"6,714 (s)",81.1,S,S,"136,995",21.7,"64,050",25.6,D,D,10% to less than 20%,Less than 10%,Less than 10%
Alabama,3118,Bakeries and tortilla manufacturing,2021,"396,487",4.9,"56,698",8.9,"13,775",11.5,"1,184",10.7,901,6.7,"1,635",6.9,"34,113",6.8,"133,275",3.7,"263,634",5.6,D,D,Less than 10%,Less than 10%,30% to less than 40%
Alabama,3119,Other food manufacturing,2021,"859,476",1.8,"70,934",3.1,"17,212",1.8,"1,399",1.4,927,1.5,"1,672",2.3,"35,062",6.0,"535,551",2.4,"322,999",1.9,"11,044",3.6,50% to less than 60%,50% to less than 60%,50% to less than 60%
Alabama,312,Beverage and tobacco product manufacturing,2021,"907,893",6.0,"139,863",12.7,"34,669",12.8,"1,950",9.6,"1,118",10.2,"2,234",10.6,"72,777",11.8,"686,347",5.6,D,D,"23,567",25.3,40% to less than 50%,60% to less than 70%,70% to less than 80%
Alabama,3121,Beverage manufacturing,2021,D,D,D,D,D,D,"1,000 to 2,499 employees",D,D,D,D,D,D,D,D,D,D,D,D,D,D,D,D
Alabama,3122,Tobacco manufacturing,2021,D,D,D,D,D,D,100 to 249 employees,D,D,D,D,D,D,D,D,D,D,D,D,D,D,D,D
Alaska,311,Food manufacturing,2021,"3,261,487",1.9,"398,445",2.0,"97,982",5.9,"8,042",3.2,"7,011",3.2,"14,389",3.0,"287,536",2.5,"2,091,976",2.1,"1,148,473",2.5,D,D,70% to less than 80%,50% to less than 60%,60% to less than 70%
Alaska,3111,Animal food manufacturing,2021,D,D,D,D,D,D,0 to 19 employees,D,D,D,D,D,D,D,D,D,D,D,D,D,D,D,D
Alaska,3113,Sugar and confectionery product manufacturing,2021,D,D,"1,650",0.0,415,0.0,56,0.0,D,D,60,0.0,"1,057",0.0,"4,813",0.0,D,D,D,D,D,40% to less than 50%,90% to 100%
Alaska,3114,Fruit and vegetable preserving and specialty food manufacturing,2021,D,D,D,D,D,D,0 to 19 employees,D,D,D,D,D,D,D,D,D,D,D,D,D,D,D,D
Alaska,3115,Dairy product manufacturing,2021,"4,179",0.0,D,D,D,D,11,0.0,D,D,D,D,D,D,"2,282",0.0,D,D,D,D,90% to 100%,D,90% to 100%
Alaska,3116,Animal slaughtering and processing,2021,D,D,"3,624",0.0,908,0.0,65,0.0,D,D,D,D,D,D,D,D,D,D,D,D,D,Less than 10%,90% to 100%
Alaska,3117,Seafood product preparation and packaging,2021,"3,157,315",2.0,"376,787",2.1,"92,895",6.2,"7,539",3.4,"6,685",3.3,"13,809",3.1,"274,274",2.6,"2,047,491",2.1,"1,088,371",2.7,D,D,70% to less than 80%,50% to less than 60%,60% to less than 70%
Alaska,3118,Bakeries and tortilla manufacturing,2021,"40,787",0.0,"11,283",0.0,"2,479",0.0,293,0.0,186,0.0,321,0.0,"6,690",0.0,"12,410",0.0,"28,450",0.0,D,D,30% to less than 40%,20% to less than 30%,60% to less than 70%
Alaska,3119,Other food manufacturing,2021,"16,988",0.0,"3,508",0.0,886,0.0,67,0.0,47,0.0,81,0.0,"2,140",0.0,D,D,D,D,D,D,60% to less than 70%,Less than 10%,90% to 100%
Alaska,312,Beverage and tobacco product manufacturing,2021,"85,483",14.2,"21,084",12.7,"5,629",5.8,385,24.3,217,9.5,411,2.9,"9,527",4.4,D,D,"53,935",17.0,D,D,50% to less than 60%,20% to less than 30%,90% to 100%
Alaska,3121,Beverage manufacturing,2021,"85,483",14.2,"21,084",12.7,"5,629",5.8,385,24.3,217,9.5,411,2.9,"9,527",4.4,D,D,"53,935",17.0,D,D,50% to less than 60%,20% to less than 30%,90% to 100%
Arizona,311,Food manufacturing,2021,"8,741,619",0.7,"732,510",1.9,"173,976",2.8,"12,444",4.0,"9,848",4.1,"19,942",3.1,"484,659",2.7,"5,121,786",0.7,"3,586,690",1.3,"132,679",2.8,30% to less than 40%,30% to less than 40%,30% to less than 40%
Arizona,3111,Animal food manufacturing,2021,"797,959",0.0,"44,522",0.0,"11,154",0.0,476,0.0,367,0.0,895,0.0,"28,871",0.0,"348,053",0.0,"456,248",0.0,"6,410",0.0,70% to less than 80%,70% to less than 80%,80% to less than 90%
Arizona,3112,Grain and oilseed milling,2021,D,D,"8,661",0.0,"2,162",0.0,121,0.0,85,0.0,191,0.0,"5,120",0.0,D,D,D,D,D,D,D,60% to less than 70%,80% to less than 90%
Arizona,3113,Sugar and confectionery product manufacturing,2021,D,D,D,D,D,D,100 to 249 employees,D,D,D,D,D,D,D,D,D,D,D,322,0.0,D,D,D
Arizona,3114,Fruit and vegetable preserving and specialty food manufacturing,2021,"180,322",0.0,"27,590",0.0,"6,917",0.0,491,0.0,424,0.0,860,0.0,"20,851",0.0,"105,835",0.0,"78,491",0.0,D,D,40% to less than 50%,20% to less than 30%,70% to less than 80%
Arizona,3115,Dairy product manufacturing,2021,"3,112,519",0.0,"174,608",0.0,"43,470",0.0,"2,428",0.0,"1,556",0.0,"3,594",0.0,"97,464",0.0,"2,064,755",0.0,"1,053,259",0.0,"67,682",0.0,40% to less than 50%,20% to less than 30%,20% to less than 30%
Arizona,3116,Animal slaughtering and processing,2021,D,D,"110,938",0.0,"26,035",0.0,"2,062",0.0,"1,842",0.0,"3,677",0.0,"82,943",0.0,D,D,D,D,D,D,D,Less than 10%,Less than 10%
Arizona,3117,Seafood product preparation and packaging,2021,D,D,D,D,D,D,0 to 19 employees,D,D,D,D,D,D,D,D,D,D,D,0,X,D,D,D
Arizona,3118,Bakeries and tortilla manufacturing,2021,"955,385",4.3,"169,551",6.9,"42,365",9.5,"3,533",13.2,"3,027",11.4,"5,095",10.7,"124,426",7.0,"412,543",5.8,"546,276",5.8,"15,793",22.9,20% to less than 30%,10% to less than 20%,30% to less than 40%
Arizona,3119,Other food manufacturing,2021,"1,594,670",2.8,"192,066",3.6,"40,727",6.8,"3,222",5.4,"2,459",8.5,"5,495",5.3,"122,309",7.9,D,D,"786,877",4.3,"19,473",4.2,50% to less than 60%,60% to less than 70%,60% to less than 70%
Arizona,312,Beverage and tobacco product manufacturing,2021,"1,753,313",0.8,"192,309",4.5,"48,475",3.5,"3,831",7.0,"1,967",11.8,"3,547",12.0,"100,481",9.1,"1,075,222",0.7,"689,129",2.1,"23,211",28.5,40% to less than 50%,20% to less than 30%,50% to less than 60%
Arizona,3121,Beverage manufacturing,2021,D,D,D,D,D,D,"2,500 to 4,999 employees",D,D,D,D,D,D,D,D,D,D,D,D,D,D,D,D
Arizona,3122,Tobacco manufacturing,2021,D,D,D,D,D,D,0 to 19 employees,D,D,D,D,D,D,D,D,D,D,D,D,D,D,D,D
Arkansas,311,Food manufacturing,2021,"18,692,332",0.5,"2,027,761",0.7,"470,282",0.5,"47,944",0.7,"41,956",0.8,"79,709",0.8,"1,581,204",1.0,"10,902,353",0.7,"7,867,357",0.3,"336,756",2.9,40% to less than 50%,30% to less than 40%,30% to less than 40%
Arkansas,3111,Animal food manufacturing,2021,"1,972,942",0.2,"91,150",1.2,"21,415",1.5,"1,531",0.2,D,D,"2,581",0.1,"62,863",1.2,"1,420,671",0.2,"559,158",0.3,"15,338",1.9,30% to less than 40%,30% to less than 40%,40% to less than 50%
Arkansas,3112,Grain and oilseed milling,2021,"2,301,738",0.9,"139,267",1.0,"32,387",1.7,"2,656",1.3,"2,099",1.1,"3,868",1.2,"95,431",1.0,"1,344,389",1.2,"986,158",0.9,"53,664",15.1,30% to less than 40%,20% to less than 30%,40% to less than 50%
Arkansas,3113,Sugar and confectionery product manufacturing,2021,D,D,D,D,D,D,20 to 99 employees,D,38,0.0,D,D,809,0.0,D,D,D,D,D,D,D,D,D
Arkansas,3114,Fruit and vegetable preserving and specialty food manufacturing,2021,"1,523,545",0.0,"204,773",0.0,"48,859",0.0,"3,783",0.0,"3,250",0.0,"6,534",0.0,"140,602",0.0,"871,730",0.0,"652,540",0.0,D,D,30% to less than 40%,40% to less than 50%,30% to less than 40%
Arkansas,3115,Dairy product manufacturing,2021,D,D,D,D,D,D,500 to 999 employees,D,D,D,641,0.0,D,D,D,D,D,D,D,D,D,D,D
Arkansas,3116,Animal slaughtering and processing,2021,"9,525,000",0.9,"1,240,345",1.0,"282,304",0.7,"32,352",0.9,"29,399",1.1,"55,987",1.0,"1,035,380",1.4,"5,539,647",1.2,"4,016,364",0.6,"108,406",2.6,50% to less than 60%,20% to less than 30%,30% to less than 40%
Arkansas,3117,Seafood product preparation and packaging,2021,D,D,D,D,D,D,0 to 19 employees,D,D,D,D,D,D,D,D,D,D,D,0,X,D,D,D
Arkansas,3118,Bakeries and tortilla manufacturing,2021,"1,431,741",1.8,"193,245",0.4,"44,521",0.5,"4,077",1.8,"3,024",2.9,"5,444",3.0,"119,057",1.5,D,D,"714,933",0.8,"80,290",5.8,10% to less than 20%,10% to less than 20%,20% to less than 30%
Arkansas,3119,Other food manufacturing,2021,"1,718,585",1.5,"131,844",3.7,"34,061",3.4,"2,987",4.2,"2,625",4.8,"4,609",0.4,"109,867",3.2,"840,996",2.2,"883,212",1.0,"53,645",2.5,10% to less than 20%,30% to less than 40%,30% to less than 40%
Arkansas,312,Beverage and tobacco product manufacturing,2021,"213,470",27.4,"31,507",23.4,"7,054",36.9,789,22.4,366,20.9,733,20.7,"13,940",29.8,"134,058",22.8,D,D,"3,876",7.9,50% to less than 60%,10% to less than 20%,30% to less than 40%
Arkansas,3121,Beverage manufacturing,2021,"213,470",27.4,"31,507",23.4,"7,054",36.9,789,22.4,366,20.9,733,20.7,"13,940",29.8,"134,058",22.8,D,D,"3,876",7.9,50% to less than 60%,10% to less than 20%,30% to less than 40%
California,311,Food manufacturing,2021,"84,762,853",0.9,"8,528,042",2.0,"2,063,549",1.9,"150,093",1.9,"114,487",1.9,"231,084",1.7,"5,582,148",1.4,"51,507,026",0.9,"33,481,687",1.2,"2,253,003",4.0,30% to less than 40%,20% to less than 30%,40% to less than 50%
California,3111,Animal food manufacturing,2021,"4,948,285",1.4,"229,550",3.9,"55,811",4.3,"3,706",7.1,"2,656",7.9,"5,005",3.8,"134,949",4.9,"3,719,362",1.8,"1,268,693",1.3,"58,478",7.4,30% to less than 40%,20% to less than 30%,40% to less than 50%
California,3112,Grain and oilseed milling,2021,"4,359,951",2.0,"234,038",1.6,"61,033",3.3,"3,943",1.2,"2,978",1.5,"5,833",1.4,"152,346",0.9,"3,208,215",2.3,"1,183,549",2.0,"139,203",3.6,20% to less than 30%,10% to less than 20%,30% to less than 40%
California,3113,Sugar and confectionery product manufacturing,2021,"4,100,069",1.3,"562,964",4.1,"140,016",3.6,"9,711",6.5,"5,667",9.1,"11,797",8.3,"321,662",4.8,"2,579,969",1.1,"1,532,138",1.8,"131,088",1.6,70% to less than 80%,50% to less than 60%,50% to less than 60%
California,3114,Fruit and vegetable preserving and specialty food manufacturing,2021,"11,862,331",1.1,"1,366,061",0.9,"317,644",1.2,"23,452",1.2,"18,262",1.3,"37,326",1.2,"925,984",1.3,"6,502,226",3.2,"5,296,542",1.7,"475,078",8.5,30% to less than 40%,30% to less than 40%,50% to less than 60%
California,3115,Dairy product manufacturing,2021,"16,839,156",0.9,"1,233,130",1.3,"300,951",1.4,"17,300",1.2,"13,199",1.0,"27,968",1.3,"813,754",1.1,"12,099,774",0.8,"4,801,786",1.7,"353,077",2.8,40% to less than 50%,30% to less than 40%,40% to less than 50%
California,3116,Animal slaughtering and processing,2021,"10,294,173",3.4,"1,087,847",4.7,"259,767",5.3,"21,437",3.0,"18,351",2.9,"40,683",2.8,"821,584",3.9,"6,457,675",4.5,"3,888,611",2.8,"127,507",17.9,20% to less than 30%,Less than 10%,20% to less than 30%
California,3117,Seafood product preparation and packaging,2021,"856,763",0.1,"71,009",0.3,"17,636",0.5,"1,424",0.8,"1,191",0.9,"2,160",0.1,"50,151",0.1,"623,421",0.1,"235,091",0.1,"32,753",2.3,40% to less than 50%,30% to less than 40%,50% to less than 60%
California,3118,Bakeries and tortilla manufacturing,2021,"9,145,863",2.3,"1,632,564",2.9,"386,219",2.7,"34,049",5.0,"26,108",5.8,"48,914",4.3,"1,067,434",3.6,"3,749,417",2.9,"5,393,126",2.5,"380,661",8.9,30% to less than 40%,10% to less than 20%,40% to less than 50%
California,3119,Other food manufacturing,2021,"22,356,262",2.6,"2,110,879",7.3,"524,471",6.6,"35,071",5.8,"26,074",5.3,"51,400",5.6,"1,294,283",4.1,"12,566,967",2.2,"9,882,151",3.3,"555,157",12.2,30% to less than 40%,20% to less than 30%,50% to less than 60%
California,312,Beverage and tobacco product manufacturing,2021,"29,063,645",2.0,"3,486,540",1.6,"855,653",1.6,"50,412",1.6,"27,186",2.5,"52,320",2.8,"1,591,759",3.4,"12,840,052",1.5,"17,022,246",2.9,"1,008,191",9.8,30% to less than 40%,20% to less than 30%,50% to less than 60%
California,3121,Beverage manufacturing,2021,"28,909,544",2.0,"3,450,098",1.6,"846,588",1.7,"50,091",1.7,"26,983",2.5,"51,974",2.8,"1,568,308",3.4,"12,791,126",1.5,"16,914,607",2.9,"1,004,945",9.8,30% to less than 40%,20% to less than 30%,50% to less than 60%
California,3122,Tobacco manufacturing,2021,"154,101",0.0,"36,442",0.0,"9,065",0.0,321,0.0,203,0.0,346,0.0,"23,451",0.0,"48,926",0.0,"107,639",0.0,"3,246",0.0,90% to 100%,10% to less than 20%,90% to 100%
Colorado,311,Food manufacturing,2021,"13,710,868",0.8,"1,212,794",1.9,"280,572",1.5,"21,961",2.8,"18,090",3.0,"37,819",1.7,"881,253",2.2,"8,449,621",1.0,"5,398,829",1.5,"201,715",3.0,20% to less than 30%,20% to less than 30%,20% to less than 30%
Colorado,3111,Animal food manufacturing,2021,"1,270,688",3.0,"93,324",0.8,"22,985",2.3,"1,164",1.2,874,1.5,"1,803",1.1,"43,827",1.9,"766,644",4.9,"514,721",13.5,"37,193",8.1,60% to less than 70%,50% to less than 60%,70% to less than 80%
Colorado,3112,Grain and oilseed milling,2021,D,D,D,D,D,D,250 to 499 employees,D,D,D,D,D,D,D,D,D,D,D,"9,689",0.0,D,D,D
Colorado,3113,Sugar and confectionery product manufacturing,2021,"503,977",3.9,"76,764",2.7,"16,953",7.1,"1,507",6.6,"1,107",4.4,"2,081",11.4,"48,052",4.5,"283,591",3.8,"212,354",6.3,"10,596",35.7,30% to less than 40%,20% to less than 30%,40% to less than 50%
Colorado,3114,Fruit and vegetable preserving and specialty food manufacturing,2021,"753,373",7.2,"47,433",16.2,"11,810",15.2,829,17.8,684,21.0,"1,501",13.5,"33,199",15.4,"297,320",7.1,"458,286",7.3,D,D,80% to less than 90%,40% to less than 50%,50% to less than 60%
Colorado,3115,Dairy product manufacturing,2021,"1,762,620",0.7,"140,102",1.9,"34,866",2.1,"2,139",2.8,"1,709",3.5,"3,360",4.1,"103,561",2.5,"1,119,485",0.2,"640,629",1.3,"36,190",1.9,20% to less than 30%,30% to less than 40%,30% to less than 40%
Colorado,3116,Animal slaughtering and processing,2021,"6,914,168",0.8,"449,937",0.9,"99,664",0.5,"7,974",1.5,"6,962",2.4,"17,479",0.9,"365,290",0.1,"4,746,332",1.1,"2,288,188",0.5,"41,564",1.9,Less than 10%,Less than 10%,Less than 10%
Colorado,3117,Seafood product preparation and packaging,2021,D,D,D,D,D,D,0 to 19 employees,D,D,D,D,D,D,D,D,D,D,D,D,D,D,D,D
Colorado,3118,Bakeries and tortilla manufacturing,2021,"1,015,883",2.1,"208,313",1.5,"52,878",2.2,"4,377",4.3,"3,521",5.3,"6,271",3.8,"142,478",2.6,"381,510",2.0,"634,412",2.9,"28,551",6.2,30% to less than 40%,40% to less than 50%,30% to less than 40%
Colorado,3119,Other food manufacturing,2021,"1,134,304",5.3,"171,617",12.1,"35,143",9.4,"3,683",14.7,"3,008",15.2,"4,854",9.5,"128,342",13.7,"571,494",8.0,"575,675",2.8,"33,051",6.6,20% to less than 30%,Less than 10%,40% to less than 50%
Colorado,312,Beverage and tobacco product manufacturing,2021,"3,459,356",3.8,"431,673",6.8,"112,220",6.8,"6,885",11.6,"3,957",7.3,"7,212",7.6,"228,098",5.9,"1,353,974",3.1,"2,118,797",4.3,"53,857",18.7,30% to less than 40%,20% to less than 30%,40% to less than 50%
Colorado,3121,Beverage manufacturing,2021,D,D,D,D,D,D,"5,000 to 9,999 employees",D,D,D,D,D,D,D,D,D,D,D,D,D,D,D,D
Colorado,3122,Tobacco manufacturing,2021,D,D,D,D,D,D,0 to 19 employees,D,D,D,D,D,D,D,D,D,D,D,D,D,D,D,D
Connecticut,311,Food manufacturing,2021,"3,306,449",1.4,"364,652",3.4,"88,009",4.5,"7,252",7.5,"5,534",9.4,"9,886",11.1,"251,808",4.2,"1,172,554",1.7,"2,135,745",1.4,"70,342",3.2,30% to less than 40%,10% to less than 20%,70% to less than 80%
Connecticut,3111,Animal food manufacturing,2021,D,D,D,D,D,D,20 to 99 employees,D,D,D,D,D,D,D,D,D,D,D,396,0.0,D,D,D
Connecticut,3112,Grain and oilseed milling,2021,D,D,D,D,D,D,20 to 99 employees,D,D,D,D,D,D,D,D,D,D,D,D,D,D,D,D
Connecticut,3113,Sugar and confectionery product manufacturing,2021,"85,116",0.0,"8,249",0.0,"2,047",0.0,247,0.0,151,0.0,265,0.0,"5,289",0.0,"36,802",0.0,"48,082",0.0,92,0.0,90% to 100%,80% to less than 90%,90% to 100%
Connecticut,3114,Fruit and vegetable preserving and specialty food manufacturing,2021,"162,993",0.0,"23,673",0.0,"5,921",0.0,444,0.0,363,0.0,749,0.0,"17,575",0.0,"100,315",0.0,"59,228",0.0,"1,267",0.0,50% to less than 60%,20% to less than 30%,90% to 100%
Connecticut,3115,Dairy product manufacturing,2021,"634,734",0.0,"59,266",0.0,"14,967",0.0,875,0.0,533,0.0,"1,202",0.0,"37,381",0.0,"370,396",0.0,"269,525",0.0,"13,816",0.0,50% to less than 60%,50% to less than 60%,70% to less than 80%
Connecticut,3116,Animal slaughtering and processing,2021,"89,366",0.0,"15,663",0.0,"3,916",0.0,371,0.0,294,0.0,484,0.0,"11,663",0.0,"56,798",0.0,"32,795",0.0,D,D,20% to less than 30%,Less than 10%,90% to 100%
Connecticut,3117,Seafood product preparation and packaging,2021,D,D,D,D,D,D,0 to 19 employees,D,D,D,D,D,D,D,D,D,D,D,D,D,D,D,D
Connecticut,3118,Bakeries and tortilla manufacturing,2021,"981,468",2.0,"143,629",8.1,"35,124",8.8,"3,530",15.2,"2,802",18.2,"5,013",21.8,"102,254",10.4,"293,877",2.7,"684,189",2.1,"17,830",7.6,30% to less than 40%,10% to less than 20%,60% to less than 70%
Connecticut,3119,Other food manufacturing,2021,"1,291,493",3.2,"104,715",3.7,"23,671",10.2,"1,647",4.2,"1,282",7.1,"1,953",2.6,"71,043",1.1,"288,208",6.3,"1,006,655",2.6,"32,550",5.6,Less than 10%,Less than 10%,70% to less than 80%
Connecticut,312,Beverage and tobacco product manufacturing,2021,"807,493",0.0,"75,397",0.0,"17,831",0.0,"1,545",0.0,901,0.0,"1,539",0.0,"40,379",0.0,"512,611",0.0,"298,944",0.0,"4,826",0.0,50% to less than 60%,20% to less than 30%,70% to less than 80%
Connecticut,3121,Beverage manufacturing,2021,D,D,D,D,D,D,"1,000 to 2,499 employees",D,D,D,D,D,D,D,D,D,D,D,D,D,D,D,D
Connecticut,3122,Tobacco manufacturing,2021,D,D,D,D,D,D,100 to 249 employees,D,D,D,D,D,D,D,D,D,D,D,D,D,D,D,D
Delaware,311,Food manufacturing,2021,"4,766,685",0.0,"442,370",0.0,"106,817",0.0,"9,753",0.0,"8,413",0.0,"19,246",0.0,"334,403",0.0,"2,605,375",0.0,"2,168,708",0.0,"226,577",0.0,20% to less than 30%,10% to less than 20%,20% to less than 30%
Delaware,3111,Animal food manufacturing,2021,"583,188",0.0,"16,067",0.0,"3,984",0.0,299,0.0,240,0.0,575,0.0,"12,461",0.0,"323,903",0.0,D,D,"4,298",0.0,40% to less than 50%,Less than 10%,60% to less than 70%
Delaware,3112,Grain and oilseed milling,2021,D,D,D,D,D,D,0 to 19 employees,D,D,D,D,D,D,D,D,D,D,D,D,D,D,D,D
Delaware,3113,Sugar and confectionery product manufacturing,2021,"83,412",0.0,"11,128",0.0,"2,525",0.0,135,0.0,99,0.0,184,0.0,"5,874",0.0,"67,722",0.0,"15,402",0.0,D,D,20% to less than 30%,Less than 10%,20% to less than 30%
Delaware,3114,Fruit and vegetable preserving and specialty food manufacturing,2021,"100,309",0.0,"8,391",0.0,"1,585",0.0,173,0.0,139,0.0,373,0.0,"6,850",0.0,"27,292",0.0,"73,014",0.0,D,D,30% to less than 40%,10% to less than 20%,20% to less than 30%
Delaware,3115,Dairy product manufacturing,2021,D,D,D,D,D,D,100 to 249 employees,D,D,D,D,D,D,D,D,D,D,D,D,D,D,D,D
Delaware,3116,Animal slaughtering and processing,2021,"3,324,540",0.0,"328,085",0.0,"78,772",0.0,"7,846",0.0,"7,053",0.0,"16,078",0.0,"256,308",0.0,"1,713,759",0.0,"1,617,295",0.0,"188,204",0.0,10% to less than 20%,10% to less than 20%,20% to less than 30%
Delaware,3117,Seafood product preparation and packaging,2021,D,D,D,D,D,D,20 to 99 employees,D,D,D,D,D,D,D,D,D,D,D,0,X,D,D,D
Delaware,3118,Bakeries and tortilla manufacturing,2021,"22,954",0.0,"4,600",0.0,"1,179",0.0,133,0.0,115,0.0,187,0.0,"3,430",0.0,D,D,D,D,269,0.0,90% to 100%,Less than 10%,80% to less than 90%
Delaware,3119,Other food manufacturing,2021,D,D,D,D,D,D,500 to 999 employees,D,D,D,D,D,D,D,D,D,D,D,D,D,D,D,D
Delaware,312,Beverage and tobacco product manufacturing,2021,"103,293",31.1,"12,500",29.4,"3,662",7.2,385,10.2,272,7.4,444,9.0,"8,602",28.4,D,D,"57,456",29.8,"1,958",5.1,90% to 100%,60% to less than 70%,90% to 100%
Delaware,3121,Beverage manufacturing,2021,"103,293",31.1,"12,500",29.4,"3,662",7.2,385,10.2,272,7.4,444,9.0,"8,602",28.4,D,D,"57,456",29.8,"1,958",5.1,90% to 100%,60% to less than 70%,90% to 100%
District of Columbia,311,Food manufacturing,2021,"26,224",0.0,"6,815",0.0,"1,695",0.0,199,0.0,146,0.0,230,0.0,"4,776",0.0,D,D,D,D,D,D,80% to less than 90%,40% to less than 50%,90% to 100%
District of Columbia,3113,Sugar and confectionery product manufacturing,2021,D,D,D,D,D,D,0 to 19 employees,D,D,D,D,D,D,D,D,D,D,D,0,X,D,D,D
District of Columbia,3114,Fruit and vegetable preserving and specialty food manufacturing,2021,0,X,0,X,0,X,0,X,0,X,0,X,0,X,0,X,0,X,0,X,Less than 10%,Less than 10%,Less than 10%
District of Columbia,3118,Bakeries and tortilla manufacturing,2021,"15,673",0.0,D,D,D,D,180,0.0,D,D,207,0.0,D,D,D,D,D,D,D,D,90% to 100%,D,90% to 100%
District of Columbia,3119,Other food manufacturing,2021,D,D,D,D,D,D,0 to 19 employees,D,D,D,D,D,D,D,D,D,"5,026",0.0,D,D,D,D,D
District of Columbia,312,Beverage and tobacco product manufacturing,2021,"36,367",6.9,"7,876",2.8,"2,003",2.8,259,1.0,168,1.6,229,1.2,"3,991",3.1,"13,624",6.7,"23,018",7.0,330,0.0,60% to less than 70%,Less than 10%,90% to 100%
District of Columbia,3121,Beverage manufacturing,2021,"36,367",6.9,"7,876",2.8,"2,003",2.8,259,1.0,168,1.6,229,1.2,"3,991",3.1,"13,624",6.7,"23,018",7.0,330,0.0,60% to less than 70%,Less than 10%,90% to 100%
Florida,311,Food manufacturing,2021,"14,878,596",0.9,"1,520,949",1.1,"367,506",1.3,"28,386",1.5,"22,450",2.1,"44,174",1.9,"1,033,697",1.4,"8,708,228",0.9,"6,325,356",1.4,"331,660",5.6,40% to less than 50%,20% to less than 30%,40% to less than 50%
Florida,3111,Animal food manufacturing,2021,"673,414",5.1,"31,161",5.6,"7,711",4.5,611,4.6,465,5.6,977,8.4,"20,235",6.1,"378,059",4.3,"298,750",7.2,"8,075",33.7,30% to less than 40%,10% to less than 20%,40% to less than 50%
Florida,3112,Grain and oilseed milling,2021,"378,565",0.0,"19,890",0.0,"4,892",0.0,349,0.0,257,0.0,511,0.0,"13,437",0.0,"264,687",0.0,"115,582",0.0,"6,098",0.0,20% to less than 30%,30% to less than 40%,70% to less than 80%
Florida,3113,Sugar and confectionery product manufacturing,2021,"1,566,491",0.0,"156,367",0.0,"40,698",0.0,"2,681",0.0,"2,026",0.0,"4,348",0.0,"105,356",0.0,"1,083,456",0.0,"559,460",0.0,"98,710",0.0,Less than 10%,20% to less than 30%,20% to less than 30%
Florida,3114,Fruit and vegetable preserving and specialty food manufacturing,2021,"4,233,510",1.6,"354,161",0.8,"87,523",0.1,"5,574",0.3,"4,627",0.3,"9,298",0.5,"264,966",1.0,"2,806,202",2.0,"1,474,006",0.9,"54,836",3.7,70% to less than 80%,50% to less than 60%,60% to less than 70%
Florida,3115,Dairy product manufacturing,2021,"1,246,011",6.1,"105,188",10.0,"21,622",11.1,"1,866",8.3,"1,170",12.1,"2,497",8.8,"66,723",10.5,"797,640",2.8,"454,138",14.7,"48,726",23.8,40% to less than 50%,10% to less than 20%,20% to less than 30%
Florida,3116,Animal slaughtering and processing,2021,"1,111,516",0.0,"128,454",0.0,"30,825",0.0,"2,952",0.0,"2,514",0.0,"4,830",0.0,"96,376",0.0,"764,709",0.0,"345,764",0.0,"5,007",0.0,50% to less than 60%,10% to less than 20%,30% to less than 40%
Florida,3117,Seafood product preparation and packaging,2021,"1,097,956",0.4,"102,949",0.8,"24,386",0.9,"1,993",0.8,"1,652",0.4,"3,262",0.2,"59,344",0.4,"675,588",0.3,"421,146",0.5,"10,547",2.6,40% to less than 50%,50% to less than 60%,60% to less than 70%
Florida,3118,Bakeries and tortilla manufacturing,2021,"2,058,419",3.7,"387,173",3.3,"94,968",4.1,"8,544",4.2,"6,822",6.4,"13,087",5.7,"262,712",4.7,"737,626",5.4,"1,327,553",3.0,"46,860",3.0,20% to less than 30%,10% to less than 20%,40% to less than 50%
Florida,3119,Other food manufacturing,2021,"2,512,714",1.5,"235,606",1.1,"54,881",1.7,"3,817",4.2,"2,917",4.1,"5,364",6.2,"144,548",1.5,"1,200,262",2.3,"1,328,957",1.8,"52,801",26.2,30% to less than 40%,10% to less than 20%,30% to less than 40%
Florida,312,Beverage and tobacco product manufacturing,2021,"5,629,374",1.0,"567,803",1.3,"145,157",1.6,"8,588",4.0,"6,059",2.9,"11,298",3.6,"325,995",2.2,"2,817,464",1.7,"2,975,143",2.5,"144,022",38.4,40% to less than 50%,20% to less than 30%,40% to less than 50%
Florida,3121,Beverage manufacturing,2021,D,D,D,D,D,D,"8,021",4.2,"5,745",3.1,"10,723",3.8,"307,672",2.3,D,D,D,D,D,D,D,D,40% to less than 50%
Florida,3122,Tobacco manufacturing,2021,D,D,D,D,D,D,567,6.3,315,5.7,575,5.2,"18,323",5.8,D,D,D,D,D,D,D,D,Less than 10%
Georgia,311,Food manufacturing,2021,"34,238,663",0.6,"2,879,361",1.8,"692,949",1.5,"59,724",3.8,"50,030",4.0,"98,283",3.6,"2,133,616",1.9,"19,738,550",0.6,"14,647,806",0.8,"728,824",1.7,30% to less than 40%,10% to less than 20%,20% to less than 30%
Georgia,3111,Animal food manufacturing,2021,"2,687,305",2.1,"99,612",4.1,"24,520",5.1,"1,601",5.1,"1,132",2.2,"2,189",2.2,"64,562",2.7,"1,551,345",3.0,"1,147,167",1.6,"20,532",15.0,40% to less than 50%,Less than 10%,50% to less than 60%
Georgia,3112,Grain and oilseed milling,2021,"4,472,637",1.3,"95,384",10.5,"23,890",10.5,"1,202",17.1,844,22.3,"1,835",26.7,"59,949",14.6,"3,661,611",1.0,"840,786",3.4,"51,409",0.0,10% to less than 20%,10% to less than 20%,10% to less than 20%
Georgia,3113,Sugar and confectionery product manufacturing,2021,"1,632,601",1.1,"136,621",0.9,"33,307",0.7,"2,407",3.5,"1,884",3.5,"3,683",3.1,"89,257",0.3,"923,370",0.1,D,D,"29,963",2.4,80% to less than 90%,50% to less than 60%,50% to less than 60%
Georgia,3114,Fruit and vegetable preserving and specialty food manufacturing,2021,"508,571",17.1,"45,409 (s)",61.4,"12,889 (s)",40.9,S,S,S,S,S,A,"32,775 (s)",66.7,"223,335",17.7,"279,378",18.5,"15,608",0.0,10% to less than 20%,Less than 10%,20% to less than 30%
Georgia,3115,Dairy product manufacturing,2021,"634,580",0.0,"58,008",0.0,"14,500",0.0,935,0.0,637,0.0,"1,308",0.0,"33,340",0.0,"470,379",0.0,"164,466",0.0,"5,532",0.0,50% to less than 60%,10% to less than 20%,50% to less than 60%
Georgia,3116,Animal slaughtering and processing,2021,"13,048,722",1.2,"1,451,417",2.6,"343,854",2.2,"34,513",4.5,"30,376",4.3,"59,340",4.5,"1,152,844",2.6,"8,544,703",0.9,"4,535,903",1.9,"282,472",3.2,30% to less than 40%,20% to less than 30%,20% to less than 30%
Georgia,3117,Seafood product preparation and packaging,2021,"393,860",0.0,"34,421",0.0,"7,619",0.0,646,0.0,488,0.0,"1,025",0.0,"20,143",0.0,"474,190",0.0,D,D,"32,591",0.0,Less than 10%,Less than 10%,Less than 10%
Georgia,3118,Bakeries and tortilla manufacturing,2021,"3,909,214",1.8,"562,365",3.2,"131,630",3.6,"10,966",4.6,"8,684",4.6,"16,573",3.6,"375,492",2.7,"1,518,939",3.1,"2,392,993",1.2,"117,014",6.5,40% to less than 50%,10% to less than 20%,20% to less than 30%
Georgia,3119,Other food manufacturing,2021,"6,951,173",0.6,"396,124",2.0,"100,740",1.5,"7,530",2.2,"6,276",2.3,"12,050",2.7,"305,254",1.9,"2,370,677",1.2,"4,582,141",0.6,"173,702",0.8,40% to less than 50%,10% to less than 20%,40% to less than 50%
Georgia,312,Beverage and tobacco product manufacturing,2021,"3,802,578",1.3,"296,464",4.3,"70,298",2.3,"4,868",4.2,"3,505",4.1,"6,823",4.7,"203,683",4.7,"1,830,713",2.9,"1,986,959",0.8,"53,837",1.4,40% to less than 50%,20% to less than 30%,40% to less than 50%
Georgia,3121,Beverage manufacturing,2021,"3,802,578",1.3,"296,464",4.3,"70,298",2.3,"4,868",4.2,"3,505",4.1,"6,823",4.7,"203,683",4.7,"1,830,713",2.9,"1,986,959",0.8,"53,837",1.4,40% to less than 50%,20% to less than 30%,40% to less than 50%
Georgia,3122,Tobacco manufacturing,2021,0,X,0,X,0,X,0,X,0,X,0,X,0,X,0,X,0,X,0,X,Less than 10%,Less than 10%,Less than 10%
Hawaii,311,Food manufacturing,2021,"1,016,175",5.7,"154,712",8.4,"42,153",4.0,"3,856",16.5,"2,437",28.8,"3,630",30.5,"79,979",15.9,"541,350",5.9,"477,531",13.5,D,D,70% to less than 80%,50% to less than 60%,80% to less than 90%
Hawaii,3111,Animal food manufacturing,2021,D,D,D,D,D,D,0 to 19 employees,D,D,D,D,D,D,D,D,D,D,D,D,D,D,D,D
Hawaii,3112,Grain and oilseed milling,2021,"7,903",0.0,703,0.0,174,0.0,18,0.0,D,D,D,D,D,D,D,D,D,D,D,D,80% to less than 90%,Less than 10%,90% to 100%
Hawaii,3113,Sugar and confectionery product manufacturing,2021,"128,882",38.9,"16,564",35.9,"5,477",6.7,516,12.4,519,13.3,273 (s),99.6,S,A,S,A,"104,335 (s)",58.7,D,D,90% to 100%,60% to less than 70%,90% to 100%
Hawaii,3114,Fruit and vegetable preserving and specialty food manufacturing,2021,"31,338",0.0,"5,984",0.0,"1,497",0.0,110,0.0,92,0.0,144,0.0,"4,429",0.0,"21,322",0.0,D,D,554,0.0,10% to less than 20%,Less than 10%,90% to 100%
Hawaii,3115,Dairy product manufacturing,2021,"158,721",0.0,"25,165",0.0,"6,101",0.0,335,0.0,125,0.0,275,0.0,D,D,"99,319",0.0,D,D,D,D,90% to 100%,80% to less than 90%,80% to less than 90%
Hawaii,3116,Animal slaughtering and processing,2021,"117,794",0.0,"12,093",0.0,"2,889",0.0,280,0.0,180,0.0,324,0.0,"7,287",0.0,"88,998",0.0,"28,615",0.0,D,D,30% to less than 40%,Less than 10%,50% to less than 60%
Hawaii,3117,Seafood product preparation and packaging,2021,D,D,D,D,D,D,20 to 99 employees,D,D,D,D,D,D,D,D,D,D,D,0,X,D,D,D
Hawaii,3118,Bakeries and tortilla manufacturing,2021,"188,470",13.4,"42,293",26.4,"11,937",12.1,"1,390 (s)",45.4,S,A,S,A,"24,852",29.4,"81,145",13.1,"106,848",18.3,D,D,60% to less than 70%,50% to less than 60%,80% to less than 90%
Hawaii,3119,Other food manufacturing,2021,"374,197",3.9,"50,694",5.5,"13,775",5.6,"1,180",4.9,888,6.9,"1,647",2.8,"32,272",11.6,"215,289",5.1,"161,391",3.6,D,D,60% to less than 70%,50% to less than 60%,60% to less than 70%
Hawaii,312,Beverage and tobacco product manufacturing,2021,"299,062",10.0,"60,364",24.6,"14,262",23.7,"1,257",21.1,925,22.0,"1,766",23.6,"40,949",24.8,"101,581",27.6,"208,206",25.9,"11,488",39.7,40% to less than 50%,10% to less than 20%,60% to less than 70%
Hawaii,3121,Beverage manufacturing,2021,"299,062",10.0,"60,364",24.6,"14,262",23.7,"1,257",21.1,925,22.0,"1,766",23.6,"40,949",24.8,"101,581",27.6,"208,206",25.9,"11,488",39.7,40% to less than 50%,10% to less than 20%,60% to less than 70%
Idaho,311,Food manufacturing,2021,"13,291,834",2.9,"927,415",1.7,"224,860",1.3,"17,731",1.4,"14,223",1.8,"28,758",1.8,"681,596",1.9,"8,808,443",4.9,"4,671,897",5.6,"298,257",2.1,10% to less than 20%,10% to less than 20%,20% to less than 30%
Idaho,3111,Animal food manufacturing,2021,"723,906",26.3,"22,275",5.7,"5,744",6.2,403,4.7,298,4.4,620,6.8,D,D,"762,113 (s)",52.1,"−33,739",−610.8,"4,760",4.3,Less than 10%,Less than 10%,10% to less than 20%
Idaho,3112,Grain and oilseed milling,2021,"642,395",0.0,"21,391",0.0,"5,492",0.0,250 to 499 employees,D,D,D,D,D,D,D,"471,615",0.0,"173,017",0.0,"13,032",0.0,40% to less than 50%,10% to less than 20%,D
Idaho,3113,Sugar and confectionery product manufacturing,2021,D,D,D,D,D,D,"1,000 to 2,499 employees",D,D,D,D,D,D,D,D,D,D,D,D,D,D,D,D
Idaho,3114,Fruit and vegetable preserving and specialty food manufacturing,2021,"3,144,358",1.2,"356,631",1.1,"88,406",1.2,"7,656",2.7,"5,904",3.2,"11,752",2.7,"253,976",1.7,"1,562,795",1.5,"1,634,369",1.0,"60,136",0.0,20% to less than 30%,30% to less than 40%,30% to less than 40%
Idaho,3115,Dairy product manufacturing,2021,"6,505,030",5.2,"240,249",0.8,"59,564",0.7,"4,143",0.1,"3,413",0.4,"6,996",1.3,"187,973",1.6,"4,599,579",3.8,"1,914,518",8.4,"88,151",2.4,Less than 10%,Less than 10%,Less than 10%
Idaho,3116,Animal slaughtering and processing,2021,"1,112,336",1.8,"117,262",12.6,"27,726",9.4,"1,953",7.5,"1,711",10.5,"3,239",12.3,"85,400",13.9,"723,277",2.9,"400,379",0.7,"62,636",9.3,60% to less than 70%,Less than 10%,40% to less than 50%
Idaho,3117,Seafood product preparation and packaging,2021,"15,887",0.0,D,D,411,0.0,20 to 99 employees,D,D,D,D,D,D,D,"5,769",0.0,D,D,D,D,30% to less than 40%,D,D
Idaho,3118,Bakeries and tortilla manufacturing,2021,"231,296",0.0,"47,036",0.0,"11,378",0.0,"1,042",0.0,679,0.0,"1,144",0.0,"27,025",0.0,D,D,"159,218",0.0,D,D,50% to less than 60%,40% to less than 50%,20% to less than 30%
Idaho,3119,Other food manufacturing,2021,D,D,D,D,D,D,528,1.2,478,1.2,853,0.0,"15,848",1.6,D,D,D,D,D,D,D,D,20% to less than 30%
Idaho,312,Beverage and tobacco product manufacturing,2021,"304,961",8.3,"42,522",4.1,"10,481",4.5,"1,009",2.4,684,2.4,985,2.3,"22,103",5.6,"173,072",12.7,D,D,D,D,10% to less than 20%,Less than 10%,70% to less than 80%
Idaho,3121,Beverage manufacturing,2021,D,D,D,D,D,D,"1,000 to 2,499 employees",D,D,D,D,D,D,D,D,D,D,D,D,D,D,D,D
Idaho,3122,Tobacco manufacturing,2021,D,D,D,D,D,D,0 to 19 employees,D,D,D,D,D,D,D,D,D,D,D,D,D,D,D,D
Illinois,311,Food manufacturing,2021,"52,004,672",1.3,"4,634,559",1.6,"1,131,720",1.4,"80,180",1.7,"62,613",1.9,"125,957",2.8,"3,082,746",1.9,"33,260,003",1.3,"19,029,613",1.5,"1,241,604",4.8,30% to less than 40%,20% to less than 30%,30% to less than 40%
Illinois,3111,Animal food manufacturing,2021,"1,450,969",2.5,"102,616",0.9,"27,374",1.1,"1,584",0.5,"1,119",1.3,"2,455",1.6,"60,901",2.0,"869,773",4.1,"593,591",4.5,"20,757",13.3,40% to less than 50%,30% to less than 40%,50% to less than 60%
Illinois,3112,Grain and oilseed milling,2021,"13,139,520",0.4,"393,704",1.0,"100,915",1.1,"5,919",9.2,"4,321",10.4,"7,646",3.1,"231,272",0.8,"10,496,060",0.3,"2,749,469",0.9,"238,082",0.7,30% to less than 40%,40% to less than 50%,30% to less than 40%
Illinois,3113,Sugar and confectionery product manufacturing,2021,"4,827,636",0.6,"583,802",0.3,"149,474",0.3,"9,284",0.3,"7,349",0.5,"13,961",0.7,"398,383",0.5,"2,689,941",0.6,"2,093,320",0.6,"104,356",2.8,50% to less than 60%,50% to less than 60%,50% to less than 60%
Illinois,3114,Fruit and vegetable preserving and specialty food manufacturing,2021,"2,047,634",2.3,"282,653",2.2,"68,191",1.4,"6,471",2.1,"4,835",1.9,"9,725",6.6,"182,846",2.4,"1,215,345",2.4,"838,451",3.0,"48,562",6.1,50% to less than 60%,40% to less than 50%,50% to less than 60%
Illinois,3115,Dairy product manufacturing,2021,"4,754,572",6.9,"367,034",5.6,"91,226",4.3,"5,465",8.3,"4,429",9.0,"9,569",13.8,"255,813",8.6,"3,205,230",8.9,"1,568,450",4.7,"127,311",21.1,30% to less than 40%,40% to less than 50%,30% to less than 40%
Illinois,3116,Animal slaughtering and processing,2021,"14,445,408",3.1,"1,290,699",4.7,"312,060",4.1,"22,887",3.4,"19,077",3.9,"41,263",7.2,"933,874",5.0,"9,135,160",3.2,"5,409,089",3.9,"259,346",19.8,20% to less than 30%,20% to less than 30%,20% to less than 30%
Illinois,3117,Seafood product preparation and packaging,2021,"469,628",0.0,"42,602",0.0,"8,273",0.0,653,0.0,411,0.0,970,0.0,"20,600",0.0,"328,079",0.0,"146,203",0.0,"25,627",0.0,10% to less than 20%,Less than 10%,10% to less than 20%
Illinois,3118,Bakeries and tortilla manufacturing,2021,"4,385,619",7.0,"833,620",3.7,"192,077",4.1,"16,428",4.7,"12,862",5.1,"23,718",4.8,"584,030",4.9,"2,188,956",6.6,"2,224,391",7.5,"188,541",0.7,30% to less than 40%,10% to less than 20%,30% to less than 40%
Illinois,3119,Other food manufacturing,2021,"6,483,688",2.3,"737,829",2.7,"182,130",1.9,"11,490",3.0,"8,210",2.6,"16,650",3.2,"415,028",2.6,"3,131,459",3.1,"3,406,649",1.7,"229,023",6.3,30% to less than 40%,10% to less than 20%,30% to less than 40%
Illinois,312,Beverage and tobacco product manufacturing,2021,"3,616,043",1.6,"315,258",2.4,"70,650",3.7,"5,075",0.9,"3,129",2.0,"6,558",2.3,"183,601",1.2,"2,137,550",1.9,"1,526,961",2.1,"141,653",11.0,20% to less than 30%,10% to less than 20%,40% to less than 50%
Illinois,3121,Beverage manufacturing,2021,"3,616,043",1.6,"315,258",2.4,"70,650",3.7,"5,075",0.9,"3,129",2.0,"6,558",2.3,"183,601",1.2,"2,137,550",1.9,"1,526,961",2.1,"141,653",11.0,20% to less than 30%,10% to less than 20%,40% to less than 50%
Illinois,3122,Tobacco manufacturing,2021,0,X,0,X,0,X,0,X,0,X,0,X,0,X,0,X,0,X,0,X,Less than 10%,Less than 10%,Less than 10%
Indiana,311,Food manufacturing,2021,"27,859,645",0.4,"2,178,138",0.5,"517,753",0.5,"39,757",1.3,"31,763",1.1,"62,846",1.3,"1,524,239",0.7,"17,204,849",0.4,"10,851,176",0.5,"747,208",1.1,30% to less than 40%,30% to less than 40%,40% to less than 50%
Indiana,3111,Animal food manufacturing,2021,"1,913,308",1.1,"114,278",0.8,"28,818",0.8,"1,818",1.5,"1,274",1.9,"2,570",3.1,"65,785",1.6,"1,335,295",1.6,"572,547",1.9,"48,984",2.6,Less than 10%,10% to less than 20%,30% to less than 40%
Indiana,3112,Grain and oilseed milling,2021,"8,559,577",0.3,"230,558",1.0,"54,012",1.5,"2,903",1.5,"1,965",2.5,"4,219",3.8,"121,912",1.6,"6,232,249",0.3,"2,428,516",0.9,"324,562",1.5,20% to less than 30%,40% to less than 50%,30% to less than 40%
Indiana,3113,Sugar and confectionery product manufacturing,2021,"880,872",0.0,"126,639",0.0,"27,728",0.0,"2,413",0.0,"1,754",0.0,"3,627",0.0,"79,487",0.0,"563,210",0.0,"330,599",0.0,"48,691",0.0,20% to less than 30%,20% to less than 30%,10% to less than 20%
Indiana,3114,Fruit and vegetable preserving and specialty food manufacturing,2021,"2,037,652",1.2,"254,260",1.5,"63,841",1.5,"4,010",0.7,"3,313",0.3,"6,506",1.1,"173,902",1.9,"1,052,284",1.3,"1,057,157",1.0,"41,377",7.8,20% to less than 30%,20% to less than 30%,30% to less than 40%
Indiana,3115,Dairy product manufacturing,2021,"3,169,735",0.6,"289,148",1.3,"72,040",1.3,"4,445",2.0,"3,347",1.6,"6,629",0.7,"212,058",1.4,"1,889,060",0.7,"1,292,113",0.6,"34,039",1.8,70% to less than 80%,70% to less than 80%,60% to less than 70%
Indiana,3116,Animal slaughtering and processing,2021,"5,494,178",1.1,"520,920",1.2,"125,839",0.9,"11,362",1.2,"9,802",1.4,"19,987",1.0,"412,824",1.5,"3,930,684",1.0,"1,571,880",1.3,"94,818",1.5,40% to less than 50%,30% to less than 40%,40% to less than 50%
Indiana,3118,Bakeries and tortilla manufacturing,2021,"2,293,196",2.3,"350,865",1.6,"79,664",1.1,"7,710",5.7,"5,879",4.3,"11,372",6.2,"236,046",2.6,"866,315",4.9,"1,433,553",1.1,"69,422",2.4,40% to less than 50%,20% to less than 30%,30% to less than 40%
Indiana,3119,Other food manufacturing,2021,"3,511,127",0.9,"291,469",1.3,"65,812",1.5,"5,097",3.9,"4,430",3.5,"7,935",3.7,"222,224",1.5,"1,335,751",1.6,"2,164,811",1.7,"85,315",5.5,20% to less than 30%,20% to less than 30%,50% to less than 60%
Indiana,312,Beverage and tobacco product manufacturing,2021,"2,259,354",2.5,"212,333",2.2,"52,846",2.1,"3,919",0.3,"2,596",1.0,"4,970",0.8,"139,017",1.4,"1,083,407",3.5,"1,179,923",1.9,"53,949",22.0,40% to less than 50%,20% to less than 30%,40% to less than 50%
Indiana,3121,Beverage manufacturing,2021,D,D,D,D,D,D,"2,500 to 4,999 employees",D,D,D,D,D,D,D,D,D,D,D,"53,949",22.0,D,D,D
Indiana,3122,Tobacco manufacturing,2021,D,D,D,D,D,D,0 to 19 employees,D,D,D,D,D,D,D,D,D,D,D,0,X,D,D,D
Iowa,311,Food manufacturing,2021,"45,375,984",0.7,"3,041,778",1.6,"759,013",1.5,"53,052",1.6,"43,708",1.6,"90,066",1.3,"2,256,757",1.5,"31,800,829",0.5,"13,685,894",1.3,"962,985",2.9,10% to less than 20%,10% to less than 20%,10% to less than 20%
Iowa,3111,Animal food manufacturing,2021,"4,750,265",3.7,"265,615",12.3,"70,657",10.3,"3,715",14.6,"2,852",11.3,"5,611",9.9,"149,831",9.5,"2,897,532",3.0,"1,872,254",6.4,"87,843",12.5,50% to less than 60%,60% to less than 70%,50% to less than 60%
Iowa,3112,Grain and oilseed milling,2021,"15,628,718",0.1,"472,470",0.5,"120,765",0.2,"5,580",0.9,"4,265",0.3,"8,807",0.3,"315,615",0.1,"12,463,428",0.1,"3,233,620",0.4,"224,637",0.1,Less than 10%,10% to less than 20%,10% to less than 20%
Iowa,3113,Sugar and confectionery product manufacturing,2021,"106,463",0.6,"15,969",0.6,"3,978",0.6,329,0.8,208,1.3,378,1.4,"8,520",1.1,"56,772",0.5,D,D,198,0.0,Less than 10%,Less than 10%,70% to less than 80%
Iowa,3114,Fruit and vegetable preserving and specialty food manufacturing,2021,"787,992",0.0,"100,860",0.0,"23,950",0.0,"1,757",0.0,"1,533",0.0,"2,358",0.0,"79,779",0.0,"626,226",0.0,D,D,"58,402",0.0,Less than 10%,Less than 10%,Less than 10%
Iowa,3115,Dairy product manufacturing,2021,"2,493,458",3.3,"280,003",2.7,"69,358",2.8,"4,123",3.9,"2,500",4.0,"6,345",3.2,"171,408",2.6,"1,420,506",4.0,"1,072,496",2.9,"22,426",4.2,20% to less than 30%,30% to less than 40%,30% to less than 40%
Iowa,3116,Animal slaughtering and processing,2021,"18,676,821",1.2,"1,648,407",2.0,"403,786",2.2,"32,116",1.9,"27,982",2.2,"58,631",1.6,"1,355,332",2.2,"12,806,110",0.9,"5,901,554",2.1,"358,068",7.1,Less than 10%,Less than 10%,Less than 10%
Iowa,3117,Seafood product preparation and packaging,2021,0,X,0,X,0,X,0,X,0,X,0,X,0,X,0,X,0,X,0,X,Less than 10%,Less than 10%,Less than 10%
Iowa,3118,Bakeries and tortilla manufacturing,2021,"909,793",1.1,"88,150",3.4,"22,738",4.4,"1,955",1.8,"1,649",1.8,"2,855",3.8,"63,624",0.7,"356,938",1.1,"547,654",2.3,"9,436",0.0,10% to less than 20%,Less than 10%,40% to less than 50%
Iowa,3119,Other food manufacturing,2021,"2,022,474",2.5,"170,303",2.5,"43,780",3.2,"3,476",1.8,"2,718",2.2,"5,081",2.9,"112,649",2.5,"1,173,317",2.7,"846,802",2.9,"201,976",1.2,20% to less than 30%,20% to less than 30%,30% to less than 40%
Iowa,312,Beverage and tobacco product manufacturing,2021,"531,720",28.9,"88,822",7.7,"22,489",9.3,"1,762",5.2,989,7.4,"1,829",10.4,"47,649",7.1,"251,095",22.7,"280,124",34.6,"12,972 (s)",44.4,20% to less than 30%,10% to less than 20%,40% to less than 50%
Iowa,3121,Beverage manufacturing,2021,"531,720",28.9,"88,822",7.7,"22,489",9.3,"1,762",5.2,989,7.4,"1,829",10.4,"47,649",7.1,"251,095",22.7,"280,124",34.6,"12,972 (s)",44.4,20% to less than 30%,10% to less than 20%,40% to less than 50%
Kansas,311,Food manufacturing,2021,"29,220,605",1.2,"1,895,881",1.3,"455,804",1.5,"32,291",1.1,"27,545",1.1,"60,946",1.6,"1,570,124",1.4,"19,046,133",0.9,"10,328,012",2.2,"374,171",5.4,30% to less than 40%,30% to less than 40%,30% to less than 40%
Kansas,3111,Animal food manufacturing,2021,"2,890,941",8.2,"199,025",6.6,"47,968",9.1,"3,267",6.3,"2,662",6.2,"6,061",6.0,"150,785",7.2,"1,835,603",6.8,"1,091,162",13.7,"44,894",1.7,20% to less than 30%,10% to less than 20%,20% to less than 30%
Kansas,3112,Grain and oilseed milling,2021,"2,249,717",1.1,"96,138",5.0,"23,822",6.1,"1,413",0.9,"1,143",1.4,"2,314",1.9,"66,346",8.6,"1,599,690",2.3,"661,575",6.4,"29,477",6.2,20% to less than 30%,20% to less than 30%,30% to less than 40%
Kansas,3113,Sugar and confectionery product manufacturing,2021,"707,452",0.0,"60,877",0.0,"14,347",0.0,"1,000 to 2,499 employees",D,D,D,D,D,"45,340",0.0,D,D,D,D,D,D,40% to less than 50%,60% to less than 70%,D
Kansas,3114,Fruit and vegetable preserving and specialty food manufacturing,2021,"674,701",0.0,"65,937",0.0,"16,487",0.0,"1,328",0.0,"1,216",0.0,"2,315",0.0,"56,963",0.0,D,D,D,D,"7,504",0.0,90% to 100%,80% to less than 90%,90% to 100%
Kansas,3115,Dairy product manufacturing,2021,"298,969",0.0,"22,260",0.0,"5,566",0.0,250 to 499 employees,D,D,D,D,D,"15,496",0.0,D,D,D,D,D,D,30% to less than 40%,60% to less than 70%,D
Kansas,3116,Animal slaughtering and processing,2021,"18,845,328",0.5,"1,137,851",0.2,"275,541",0.2,"19,208",0.2,"16,470",0.2,"37,055",0.3,"973,907",0.2,"13,463,438",0.6,"5,453,673",0.5,"204,886",6.7,40% to less than 50%,40% to less than 50%,30% to less than 40%
Kansas,3118,Bakeries and tortilla manufacturing,2021,"986,915",2.6,"115,592",0.7,"28,280",0.8,"1,871",7.1,"1,679",5.8,"3,543",4.7,"98,533",1.3,"302,272",4.3,"686,051",1.8,"25,180",0.0,Less than 10%,Less than 10%,20% to less than 30%
Kansas,3119,Other food manufacturing,2021,"2,566,583",9.7,"198,202",10.4,"43,793",12.0,"3,599",7.1,"3,133",7.7,"7,003",12.5,"162,754",11.6,"934,989",9.6,"1,665,166",9.5,"47,988",30.3,10% to less than 20%,10% to less than 20%,Less than 10%
Kansas,312,Beverage and tobacco product manufacturing,2021,"204,974",2.3,"33,379",4.0,"7,775",0.8,636,3.2,464,4.9,903,5.2,"21,639",4.9,"99,176",16.4,"110,835",18.5,D,D,10% to less than 20%,10% to less than 20%,30% to less than 40%
Kansas,3121,Beverage manufacturing,2021,"204,974",2.3,"33,379",4.0,"7,775",0.8,636,3.2,464,4.9,903,5.2,"21,639",4.9,"99,176",16.4,"110,835",18.5,D,D,10% to less than 20%,10% to less than 20%,30% to less than 40%
Kansas,3122,Tobacco manufacturing,2021,0,X,0,X,0,X,0,X,0,X,0,X,0,X,0,X,0,X,0,X,Less than 10%,Less than 10%,Less than 10%
Kentucky,311,Food manufacturing,2021,"14,542,439",0.4,"1,450,107",0.4,"352,798",0.6,"27,172",0.9,"21,694",0.8,"41,462",0.6,"975,077",0.4,"8,540,765",0.5,"6,038,996",0.6,"398,079",0.8,30% to less than 40%,20% to less than 30%,20% to less than 30%
Kentucky,3111,Animal food manufacturing,2021,"1,684,981",2.7,"79,610",3.0,"19,052",3.1,"1,237",4.3,786,4.5,"1,684",4.5,"40,923",4.7,"1,197,224",2.8,"506,697",6.5,"19,790",6.3,30% to less than 40%,Less than 10%,30% to less than 40%
Kentucky,3112,Grain and oilseed milling,2021,D,D,D,D,D,D,577,0.0,454,0.0,930,0.0,D,D,"924,500",0.0,D,D,"14,990",0.0,D,D,30% to less than 40%
Kentucky,3113,Sugar and confectionery product manufacturing,2021,D,D,"44,853",0.0,"11,214",0.0,500 to 999 employees,D,D,D,D,D,D,D,D,D,D,D,D,D,D,Less than 10%,D
Kentucky,3114,Fruit and vegetable preserving and specialty food manufacturing,2021,"1,926,402",0.0,"204,373",0.0,"50,718",0.0,"3,863",0.0,"3,307",0.0,"6,085",0.0,"152,941",0.0,"967,941",0.0,"970,797",0.0,"38,819",0.0,30% to less than 40%,40% to less than 50%,50% to less than 60%
Kentucky,3115,Dairy product manufacturing,2021,"1,052,138",0.0,"108,373",0.0,"26,676",0.0,"1,895",0.0,"1,234",0.0,"2,547",0.0,"57,473",0.0,"719,936",0.0,"334,919",0.0,D,D,30% to less than 40%,30% to less than 40%,30% to less than 40%
Kentucky,3116,Animal slaughtering and processing,2021,"3,726,513",0.3,"458,675",0.2,"107,102",0.1,"10,109",0.4,"8,852",0.5,"17,290",0.1,"356,525",0.2,"2,288,814",0.4,"1,454,078",0.1,"200,056",1.0,20% to less than 30%,10% to less than 20%,10% to less than 20%
Kentucky,3117,Seafood product preparation and packaging,2021,D,D,D,D,D,D,0 to 19 employees,D,D,D,D,D,D,D,D,D,D,D,D,D,D,D,D
Kentucky,3118,Bakeries and tortilla manufacturing,2021,"2,506,918",0.6,"291,161",0.9,"74,168",1.9,"5,832",3.7,"4,582",2.1,"8,383",2.5,"186,352",0.1,"1,191,012",0.8,"1,296,811",0.8,"65,473",2.5,20% to less than 30%,20% to less than 30%,20% to less than 30%
Kentucky,3119,Other food manufacturing,2021,"2,152,957",1.2,"224,173",2.3,"55,392",2.5,"3,084",3.5,"2,262",5.5,"4,058",3.4,"145,100",2.2,"1,168,091",1.3,"990,711",1.4,"42,765",3.8,10% to less than 20%,30% to less than 40%,10% to less than 20%
Kentucky,312,Beverage and tobacco product manufacturing,2021,"7,160,428",1.9,"596,850",5.8,"153,244",3.7,"8,020",4.7,"4,830",5.7,"9,716",6.7,"303,085",8.1,"2,077,021",2.0,"5,314,264",1.9,"343,318",23.2,40% to less than 50%,20% to less than 30%,30% to less than 40%
Kentucky,3121,Beverage manufacturing,2021,"5,732,000",2.3,"503,412",6.9,"125,271",4.5,"6,848",5.5,"4,120",6.7,"8,191",7.9,"262,862",9.4,"1,614,322",2.5,"4,343,699",2.3,D,D,50% to less than 60%,20% to less than 30%,40% to less than 50%
Kentucky,3122,Tobacco manufacturing,2021,"1,428,428",0.0,"93,438",0.0,"27,973",0.0,"1,172",0.0,710,0.0,"1,525",0.0,"40,223",0.0,"462,699",0.0,"970,565",0.0,D,D,Less than 10%,Less than 10%,Less than 10%
Louisiana,311,Food manufacturing,2021,"9,671,044",0.7,"711,107",2.7,"175,748",2.4,"14,576",1.7,"11,354",2.1,"22,385",1.5,"459,832",1.1,"6,349,475",1.5,"3,458,107",1.2,"287,590",2.4,20% to less than 30%,10% to less than 20%,30% to less than 40%
Louisiana,3111,Animal food manufacturing,2021,"346,166",0.0,"19,031",0.0,"4,563",0.0,289,0.0,240,0.0,493,0.0,"16,032",0.0,"261,933",0.0,"86,202",0.0,"8,361",0.0,10% to less than 20%,10% to less than 20%,20% to less than 30%
Louisiana,3112,Grain and oilseed milling,2021,"1,500,889",0.0,"37,467",0.0,"9,116",0.0,714,0.0,590,0.0,"1,215",0.0,"25,989",0.0,"1,177,459",0.0,"323,604",0.0,"84,799",0.0,20% to less than 30%,20% to less than 30%,40% to less than 50%
Louisiana,3113,Sugar and confectionery product manufacturing,2021,"2,324,540",0.0,"129,287",0.0,"29,563",0.0,"2,466",0.0,"2,124",0.0,"4,275",0.0,"101,512",0.0,"1,646,864",0.0,"802,107",0.0,"79,765",0.0,30% to less than 40%,20% to less than 30%,30% to less than 40%
Louisiana,3114,Fruit and vegetable preserving and specialty food manufacturing,2021,"512,403",0.0,"36,647",0.0,"8,774",0.0,752,0.0,511,0.0,968,0.0,"23,915",0.0,"282,259",0.0,"225,471",0.0,"13,589",0.0,30% to less than 40%,Less than 10%,10% to less than 20%
Louisiana,3115,Dairy product manufacturing,2021,"269,660",0.0,"36,166",0.0,"9,099",0.0,598,0.0,247,0.0,527,0.0,"10,910",0.0,"213,438",0.0,"56,913",0.0,"3,702",0.0,70% to less than 80%,50% to less than 60%,60% to less than 70%
Louisiana,3116,Animal slaughtering and processing,2021,"1,305,569",3.7,"158,110",0.5,"38,556",0.9,"4,487",0.8,"4,009",0.6,"7,900",1.6,"121,170",0.9,"898,387",9.5,"415,327",8.9,"31,230",20.3,20% to less than 30%,10% to less than 20%,30% to less than 40%
Louisiana,3117,Seafood product preparation and packaging,2021,"558,032",7.7,"42,854",8.1,"10,940",8.0,"1,056",21.7,680,33.7,"1,360",16.1,"26,253",13.2,"405,979",9.0,"145,327",4.2,"11,250",0.0,40% to less than 50%,Less than 10%,70% to less than 80%
Louisiana,3118,Bakeries and tortilla manufacturing,2021,"292,325",2.2,"81,638",3.7,"19,877",4.4,"1,595",3.8,"1,013",6.0,"1,676",8.7,"41,516",5.2,"77,120",2.5,"215,844",2.8,"3,383",24.0,30% to less than 40%,20% to less than 30%,40% to less than 50%
Louisiana,3119,Other food manufacturing,2021,"2,561,460",0.8,"169,907",10.8,"45,261",8.7,"2,619",3.0,"1,940",1.4,"3,972",3.8,"92,535",2.7,"1,386,036",0.6,"1,187,312",1.5,"51,512",4.8,10% to less than 20%,10% to less than 20%,40% to less than 50%
Louisiana,312,Beverage and tobacco product manufacturing,2021,"270,200",7.8,"59,889",16.9,"13,258",7.7,"1,056",2.9,766,6.3,"1,610",22.9,"44,628",24.0,"134,033",11.4,D,D,"10,192",11.1,60% to less than 70%,40% to less than 50%,80% to less than 90%
Louisiana,3121,Beverage manufacturing,2021,"270,200",7.8,"59,889",16.9,"13,258",7.7,"1,056",2.9,766,6.3,"1,610",22.9,"44,628",24.0,"134,033",11.4,D,D,"10,192",11.1,60% to less than 70%,40% to less than 50%,80% to less than 90%
Maine,311,Food manufacturing,2021,"2,197,743",8.1,"247,725",1.6,"56,103",2.2,"5,404",5.2,"4,120",4.3,"8,061",2.3,"172,836",1.6,"1,053,565",1.6,"1,154,470",15.4,"43,921",5.1,60% to less than 70%,20% to less than 30%,60% to less than 70%
Maine,3111,Animal food manufacturing,2021,"31,791",0.0,"1,985",0.0,461,0.0,42,0.0,23,0.0,50,0.0,"1,050",0.0,D,D,D,D,383,0.0,Less than 10%,Less than 10%,10% to less than 20%
Maine,3112,Grain and oilseed milling,2021,"54,486",30.0,"4,057",4.8,"1,015",4.8,69,7.9,40,6.7,78,7.0,"2,384",4.1,"40,822",37.0,D,D,D,D,90% to 100%,80% to less than 90%,90% to 100%
Maine,3113,Sugar and confectionery product manufacturing,2021,"26,238",0.0,"5,340",0.0,"1,332",0.0,173,0.0,105,0.0,165,0.0,"4,019",0.0,D,D,D,D,D,D,70% to less than 80%,Less than 10%,90% to 100%
Maine,3114,Fruit and vegetable preserving and specialty food manufacturing,2021,"596,042",0.0,"61,433",0.0,"14,289",0.0,"1,175",0.0,990,0.0,"2,482",0.0,"47,243",0.0,"310,676",0.0,D,D,"17,896",0.0,30% to less than 40%,10% to less than 20%,10% to less than 20%
Maine,3115,Dairy product manufacturing,2021,"237,563",0.0,"21,068",0.0,"4,842",0.0,383,0.0,247,0.0,505,0.0,"16,114",0.0,"169,392",0.0,"68,686",0.0,D,D,50% to less than 60%,40% to less than 50%,60% to less than 70%
Maine,3116,Animal slaughtering and processing,2021,"26,384",0.0,"3,238",0.0,812,0.0,78,0.0,63,0.0,118,0.0,"2,668",0.0,D,D,D,D,D,D,70% to less than 80%,Less than 10%,90% to 100%
Maine,3117,Seafood product preparation and packaging,2021,"463,966",38.3,"26,222",15.1,"6,576",18.5,671 (s),41.6,453,38.7,748,24.5,"14,743",17.6,"152,787",3.8,"320,458 (s)",55.4,D,D,90% to 100%,60% to less than 70%,90% to 100%
Maine,3118,Bakeries and tortilla manufacturing,2021,"336,454",1.3,"62,237",0.7,"15,071",0.5,"1,536",0.1,"1,147",0.4,"2,181",0.6,"41,294",1.1,"117,303",0.5,"219,636",1.7,"4,706",7.2,20% to less than 30%,10% to less than 20%,60% to less than 70%
Maine,3119,Other food manufacturing,2021,"424,819",1.4,"62,146",1.2,"11,706",1.6,"1,278",1.3,"1,052",1.3,"1,734",1.7,"43,320",1.2,"204,174",1.5,"221,448",1.3,"12,209",0.0,80% to less than 90%,40% to less than 50%,80% to less than 90%
Maine,312,Beverage and tobacco product manufacturing,2021,"1,162,534",2.6,"126,638",4.8,"30,738",3.0,"2,099",1.6,"1,484",3.4,"2,788",3.8,"80,431",6.5,D,D,"785,770",3.5,"19,490",15.0,80% to less than 90%,30% to less than 40%,50% to less than 60%
Maine,3121,Beverage manufacturing,2021,D,D,D,D,D,D,"1,000 to 2,499 employees",D,D,D,D,D,D,D,D,D,D,D,D,D,D,D,D
Maine,3122,Tobacco manufacturing,2021,D,D,D,D,D,D,0 to 19 employees,D,D,D,D,D,D,D,D,D,D,D,D,D,D,D,D
Maryland,311,Food manufacturing,2021,"10,769,839",0.8,"876,114",0.5,"215,446",0.6,"15,313",0.8,"12,065",1.0,"24,083",0.8,"601,449",1.0,"5,854,273",1.0,"5,024,303",1.3,"138,423",2.0,30% to less than 40%,30% to less than 40%,40% to less than 50%
Maryland,3111,Animal food manufacturing,2021,"675,974",0.0,"21,466",0.0,"5,229",0.0,400,0.0,323,0.0,655,0.0,"15,142",0.0,"239,912",0.0,"438,442",0.0,"3,085",0.0,30% to less than 40%,10% to less than 20%,20% to less than 30%
Maryland,3112,Grain and oilseed milling,2021,D,D,"21,675",0.0,"6,373",0.0,261,0.0,172,0.0,360,0.0,D,D,D,D,D,D,"8,416",0.0,D,Less than 10%,20% to less than 30%
Maryland,3113,Sugar and confectionery product manufacturing,2021,D,D,"56,392",1.0,"13,829",1.0,798,1.0,580,1.4,"1,238",1.1,"30,113",1.2,D,D,"252,638",0.8,D,D,D,80% to less than 90%,90% to 100%
Maryland,3114,Fruit and vegetable preserving and specialty food manufacturing,2021,"370,009",0.0,"34,924",0.0,"8,602",0.0,641,0.0,541,0.0,934,0.0,"21,517",0.0,"207,628",0.0,"167,512",0.0,"6,042",0.0,40% to less than 50%,10% to less than 20%,50% to less than 60%
Maryland,3115,Dairy product manufacturing,2021,"1,336,764",4.3,"158,436",1.4,"39,155",1.9,"2,347",2.1,"1,923",4.1,"4,208",3.8,"128,880",4.1,"962,147",3.5,"372,825",7.0,"23,838",5.6,40% to less than 50%,60% to less than 70%,60% to less than 70%
Maryland,3116,Animal slaughtering and processing,2021,"1,499,541",4.3,"114,853",1.9,"26,621",1.1,"2,493",1.4,"2,151",0.1,"4,785",0.5,"90,678",0.8,"856,993",2.3,"644,812",8.2,"32,887",4.7,Less than 10%,Less than 10%,10% to less than 20%
Maryland,3117,Seafood product preparation and packaging,2021,"135,071",0.0,"20,108",0.0,"5,032",0.0,390,0.0,302,0.0,572,0.0,D,D,"79,160",0.0,D,D,D,D,90% to 100%,50% to less than 60%,90% to 100%
Maryland,3118,Bakeries and tortilla manufacturing,2021,"921,033",0.8,"148,608",2.3,"36,015",2.5,"3,532",3.0,"2,658",3.1,"4,639",2.5,"98,744",2.6,"297,840",3.0,"627,060",0.7,"9,287",0.2,60% to less than 70%,40% to less than 50%,70% to less than 80%
Maryland,3119,Other food manufacturing,2021,"3,971,420",0.4,"299,652",0.3,"74,589",0.7,"4,451",0.8,"3,416",0.3,"6,692",0.4,"196,441",0.3,"1,815,372",2.2,"2,220,916",1.1,"47,331",3.8,10% to less than 20%,20% to less than 30%,30% to less than 40%
Maryland,312,Beverage and tobacco product manufacturing,2021,"327,826",36.0,"150,148",25.1,"32,953",20.3,"2,621",17.9,"1,870",24.1,"3,517",29.1,"93,173",33.2,D,D,D,D,"24,042 (s)",62.6,30% to less than 40%,Less than 10%,50% to less than 60%
Maryland,3121,Beverage manufacturing,2021,D,D,D,D,D,D,"2,463",19.0,"1,751",25.8,"3,300",31.0,D,D,D,D,"153,399",32.0,D,D,D,D,50% to less than 60%
Maryland,3122,Tobacco manufacturing,2021,D,D,D,D,D,D,158,0.0,119,0.0,217,0.0,D,D,D,D,D,D,D,D,D,D,90% to 100%
Massachusetts,311,Food manufacturing,2021,"8,688,314",1.9,"1,205,024",2.4,"294,785",2.4,"21,375",2.6,"14,757",2.5,"28,574",2.8,"680,916",2.3,"4,765,329",2.2,"3,971,507",1.9,"186,514",14.6,40% to less than 50%,10% to less than 20%,50% to less than 60%
Massachusetts,3111,Animal food manufacturing,2021,"31,224",0.0,"3,701",0.0,928,0.0,77,0.0,66,0.0,136,0.0,"2,879",0.0,D,D,"13,926",0.0,129,0.0,10% to less than 20%,Less than 10%,90% to 100%
Massachusetts,3112,Grain and oilseed milling,2021,"115,679",0.0,"7,357",0.0,"1,841",0.0,94,0.0,49,0.0,103,0.0,"3,455",0.0,"78,271",0.0,"37,394",0.0,689,0.0,Less than 10%,20% to less than 30%,60% to less than 70%
Massachusetts,3113,Sugar and confectionery product manufacturing,2021,"211,261",39.3,"52,534",35.6,"11,664",31.9,"1,270",33.7,808,22.6,"1,413",24.2,"30,326",22.6,"110,296 (s)",40.1,"100,933",37.4,"27,236 (s)",77.1,20% to less than 30%,Less than 10%,40% to less than 50%
Massachusetts,3114,Fruit and vegetable preserving and specialty food manufacturing,2021,"770,118",1.7,"73,681",4.8,"18,820",5.2,"1,269",5.2,"1,015",4.7,"1,966",6.1,"51,377",3.2,D,D,"472,252",1.2,"9,728",0.0,70% to less than 80%,40% to less than 50%,70% to less than 80%
Massachusetts,3115,Dairy product manufacturing,2021,"1,185,112",0.0,"110,956",0.0,"27,264",0.0,"1,854",0.0,"1,048",0.0,"2,253",0.0,"65,385",0.0,"737,942",0.0,"447,811",0.0,"15,121",0.0,60% to less than 70%,60% to less than 70%,80% to less than 90%
Massachusetts,3116,Animal slaughtering and processing,2021,"1,068,012",2.0,"166,776",2.4,"41,410",2.6,"2,672",1.6,"2,139",1.8,"4,354",1.4,"106,144",3.1,"673,182",4.0,"400,090",1.4,"21,806",0.0,30% to less than 40%,Less than 10%,30% to less than 40%
Massachusetts,3117,Seafood product preparation and packaging,2021,"1,385,305",4.6,"122,006",5.7,"34,879",4.2,"1,540",10.4,"1,059",14.0,"2,304",9.2,"64,287",8.2,"1,036,059",4.6,"379,948",4.3,"20,171",3.2,30% to less than 40%,10% to less than 20%,40% to less than 50%
Massachusetts,3118,Bakeries and tortilla manufacturing,2021,"1,644,032",3.9,"358,961",4.9,"86,205",5.9,"7,569",2.1,"5,411",3.5,"9,727",4.9,"214,939",5.0,"753,863",5.4,"887,229",2.7,"24,855",11.8,50% to less than 60%,20% to less than 30%,60% to less than 70%
Massachusetts,3119,Other food manufacturing,2021,"2,277,571",4.8,"309,053",3.7,"71,773",3.9,"5,031",5.1,"3,161",6.6,"6,318",7.4,"142,125",4.8,"1,064,789",6.4,"1,231,925",4.7,"66,780",25.6,20% to less than 30%,Less than 10%,30% to less than 40%
Massachusetts,312,Beverage and tobacco product manufacturing,2021,"2,061,621",2.1,"292,628",5.8,"64,970",4.1,"5,137",6.9,"2,267",4.3,"3,923",2.3,"106,606",1.7,"1,358,663",0.4,"732,180",6.1,"31,115",4.2,50% to less than 60%,30% to less than 40%,50% to less than 60%
Massachusetts,3121,Beverage manufacturing,2021,D,D,D,D,D,D,"5,000 to 9,999 employees",D,D,D,D,D,D,D,D,D,D,D,"31,115",4.2,D,D,D
Massachusetts,3122,Tobacco manufacturing,2021,D,D,D,D,D,D,0 to 19 employees,D,D,D,D,D,D,D,D,D,D,D,0,X,D,D,D
Michigan,311,Food manufacturing,2021,"19,868,505",0.9,"1,843,403",0.9,"436,740",1.0,"32,511",1.4,"25,154",1.3,"50,531",1.4,"1,266,371",1.4,"11,867,279",1.3,"8,025,684",1.0,"318,279",4.6,30% to less than 40%,20% to less than 30%,20% to less than 30%
Michigan,3111,Animal food manufacturing,2021,"475,972",10.0,"26,509",4.4,"6,709",2.8,499,3.4,356,5.6,757,10.8,"14,949",4.4,"332,419",9.8,D,D,D,D,10% to less than 20%,Less than 10%,50% to less than 60%
Michigan,3112,Grain and oilseed milling,2021,"3,018,052",0.1,"183,733",0.3,"45,908",0.1,"2,122",0.6,"1,480",0.8,"3,249",0.9,"106,817",0.4,"2,058,299",0.2,"965,362",0.9,"48,589",0.3,50% to less than 60%,40% to less than 50%,20% to less than 30%
Michigan,3113,Sugar and confectionery product manufacturing,2021,"881,193",0.4,"123,842",0.9,"29,999",0.3,"2,360",0.8,"1,981",1.8,"3,501",2.6,"92,586",0.3,"497,507",0.3,D,D,D,D,30% to less than 40%,Less than 10%,10% to less than 20%
Michigan,3114,Fruit and vegetable preserving and specialty food manufacturing,2021,"2,188,042",2.3,"370,174",3.7,"82,303",2.1,"6,191",4.1,"4,998",4.0,"10,001",5.4,"281,642",4.9,"1,250,704",4.4,"935,560",4.1,"60,630",23.9,30% to less than 40%,60% to less than 70%,20% to less than 30%
Michigan,3115,Dairy product manufacturing,2021,"5,780,914",2.2,"273,180",2.0,"69,601",2.4,"4,548",4.1,"2,975",3.0,"5,882",2.9,"175,416",3.3,"2,921,981",4.5,"2,847,958",1.2,"65,999",0.5,40% to less than 50%,30% to less than 40%,40% to less than 50%
Michigan,3116,Animal slaughtering and processing,2021,"4,128,014",1.0,"345,925",0.9,"75,048",3.9,"6,134",2.0,"5,121",1.7,"10,777",1.1,"255,616",2.3,"2,960,187",1.2,"1,177,021",1.7,"31,159",1.7,20% to less than 30%,Less than 10%,10% to less than 20%
Michigan,3117,Seafood product preparation and packaging,2021,"5,758",0.0,607,0.0,149,0.0,14,0.0,11,0.0,21,0.0,517,0.0,"3,181",0.0,D,D,D,D,90% to 100%,Less than 10%,90% to 100%
Michigan,3118,Bakeries and tortilla manufacturing,2021,"1,149,335",1.8,"215,960",3.2,"54,785",3.2,"4,895",6.7,"3,850",6.1,"6,645",5.5,"142,429",3.0,"515,109",2.2,"635,463",2.7,"27,304",2.1,40% to less than 50%,20% to less than 30%,60% to less than 70%
Michigan,3119,Other food manufacturing,2021,"2,241,226",4.2,"303,474",0.5,"72,239",0.4,"5,748",0.4,"4,381",1.1,"9,697",0.5,"196,399",2.8,"1,327,892",3.2,"917,309",5.7,"40,939",1.2,10% to less than 20%,10% to less than 20%,20% to less than 30%
Michigan,312,Beverage and tobacco product manufacturing,2021,"2,467,654",2.5,"320,539",3.4,"78,119",2.8,"6,265",3.1,"3,539",4.3,"6,057",5.3,"176,925",4.6,"1,581,265",2.2,"922,460",5.2,"47,382",7.8,50% to less than 60%,30% to less than 40%,50% to less than 60%
Michigan,3121,Beverage manufacturing,2021,D,D,"317,126",3.4,"77,264",2.9,"6,235",3.1,D,D,"6,012",5.3,D,D,"1,578,118",2.2,D,D,D,D,D,30% to less than 40%,50% to less than 60%
Michigan,3122,Tobacco manufacturing,2021,D,D,"3,413",0.0,855,0.0,30,0.0,D,D,45,0.0,D,D,"3,147",0.0,D,D,D,D,D,Less than 10%,90% to 100%
Minnesota,311,Food manufacturing,2021,"31,729,824",0.7,"2,510,515",1.3,"610,346",1.3,"45,913",1.4,"36,447",1.5,"75,434",1.5,"1,772,932",1.7,"21,379,676",0.7,"10,556,079",1.2,"685,361",3.7,20% to less than 30%,10% to less than 20%,20% to less than 30%
Minnesota,3111,Animal food manufacturing,2021,"2,874,991",1.9,"176,436",2.2,"41,608",1.1,"2,500 to 4,999 employees",D,D,D,D,D,D,D,"1,949,182",2.9,"943,941",7.5,"51,514",19.5,Less than 10%,Less than 10%,D
Minnesota,3112,Grain and oilseed milling,2021,"7,577,413",0.3,"226,017",0.3,"57,026",0.2,"2,937",0.3,"2,332",0.4,"5,055",0.3,"157,574",0.3,"5,950,417",0.3,"1,674,098",2.1,"54,275",0.5,30% to less than 40%,30% to less than 40%,30% to less than 40%
Minnesota,3113,Sugar and confectionery product manufacturing,2021,"1,721,772",3.2,D,D,D,D,"2,763",5.0,"2,324",4.5,"4,661",4.9,"116,692",5.6,"844,602",3.8,"920,145",3.2,"49,448",7.8,60% to less than 70%,D,40% to less than 50%
Minnesota,3114,Fruit and vegetable preserving and specialty food manufacturing,2021,"1,737,611",4.0,"260,061",3.1,"52,889",2.7,"4,384",6.8,"3,722",7.0,"9,734",2.9,"194,810",2.7,"1,099,780",4.7,"661,974",2.7,"40,341",7.7,20% to less than 30%,10% to less than 20%,30% to less than 40%
Minnesota,3115,Dairy product manufacturing,2021,"5,526,406",2.3,"330,893",2.5,"85,322",2.1,"5,603",3.0,"4,131",2.5,"8,571",2.2,"240,364",2.7,"3,781,135",2.6,"1,706,185",3.3,"182,442",8.2,30% to less than 40%,30% to less than 40%,30% to less than 40%
Minnesota,3116,Animal slaughtering and processing,2021,"8,331,461",0.8,"804,107",0.6,"197,719",0.8,"16,252",0.8,"14,371",0.8,"29,261",2.1,"655,403",1.4,"5,820,735",0.8,"2,584,497",1.7,"206,391",7.6,10% to less than 20%,Less than 10%,Less than 10%
Minnesota,3117,Seafood product preparation and packaging,2021,D,D,D,D,D,D,250 to 499 employees,D,D,D,D,D,D,D,D,D,D,D,D,D,D,D,D
Minnesota,3118,Bakeries and tortilla manufacturing,2021,D,D,"230,772",6.0,"54,938",5.9,"5,151",6.2,"3,613",5.2,"7,090",6.2,"147,840",6.2,D,D,D,D,D,D,D,10% to less than 20%,30% to less than 40%
Minnesota,3119,Other food manufacturing,2021,"2,610,996",2.8,"295,323",8.4,"75,543",7.9,"5,940",6.2,"4,019",9.7,"7,289",10.4,"164,235",15.2,"1,365,093",4.4,"1,269,642",3.0,"72,623",8.1,10% to less than 20%,Less than 10%,30% to less than 40%
Minnesota,312,Beverage and tobacco product manufacturing,2021,"1,360,006",3.5,"210,915",2.1,"51,782",2.6,"3,603",3.1,"1,872",6.7,"3,798",5.5,"100,766",3.2,"986,730",2.2,"380,057",7.0,D,D,20% to less than 30%,Less than 10%,60% to less than 70%
Minnesota,3121,Beverage manufacturing,2021,"1,360,006",3.5,"210,915",2.1,"51,782",2.6,"3,603",3.1,"1,872",6.7,"3,798",5.5,"100,766",3.2,"986,730",2.2,"380,057",7.0,D,D,20% to less than 30%,Less than 10%,60% to less than 70%
Mississippi,311,Food manufacturing,2021,"7,477,284",0.3,"901,257",0.1,"214,278",0.1,"22,414",0.1,"19,816",0.1,"36,667",0.1,"714,637",0.1,"4,093,894",0.3,"3,408,392",0.3,"137,732",0.5,40% to less than 50%,40% to less than 50%,40% to less than 50%
Mississippi,3111,Animal food manufacturing,2021,"656,376",0.0,"28,291",0.0,"7,065",0.0,712,0.0,556,0.0,979,0.0,"21,617",0.0,"483,311",0.0,"184,139",0.0,"10,074",0.0,20% to less than 30%,Less than 10%,30% to less than 40%
Mississippi,3112,Grain and oilseed milling,2021,"561,879",0.0,"22,858",0.0,"5,596",0.0,412,0.0,356,0.0,730,0.0,"17,146",0.0,"350,288",0.0,"215,150",0.0,"6,320",0.0,90% to 100%,70% to less than 80%,80% to less than 90%
Mississippi,3113,Sugar and confectionery product manufacturing,2021,"1,311",0.0,272,0.0,70,0.0,7,0.0,D,D,7,0.0,D,D,917,0.0,D,D,D,D,50% to less than 60%,Less than 10%,90% to 100%
Mississippi,3114,Fruit and vegetable preserving and specialty food manufacturing,2021,"142,618",0.0,"34,674",0.0,"8,056",0.0,902,0.0,756,0.0,"1,367",0.0,"25,953",0.0,"84,195",0.0,"58,158",0.0,D,D,60% to less than 70%,20% to less than 30%,20% to less than 30%
Mississippi,3115,Dairy product manufacturing,2021,"183,495",0.0,"29,331",0.0,"6,799",0.0,636,0.0,377,0.0,579,0.0,"17,597",0.0,"124,063",0.0,D,D,D,D,40% to less than 50%,40% to less than 50%,40% to less than 50%
Mississippi,3116,Animal slaughtering and processing,2021,"4,864,597",0.4,"659,731",0.2,"156,758",0.2,"16,771",0.1,"15,325",0.1,"28,198",0.1,"545,526",0.2,"2,471,413",0.4,"2,396,786",0.4,"88,174",0.9,40% to less than 50%,40% to less than 50%,40% to less than 50%
Mississippi,3117,Seafood product preparation and packaging,2021,"650,498",0.0,"63,058",0.0,"14,983",0.0,"1,768",0.0,"1,533",0.0,"3,123",0.0,"44,680",0.0,"371,266",0.0,"285,590",0.0,"13,692",0.0,40% to less than 50%,30% to less than 40%,50% to less than 60%
Mississippi,3118,Bakeries and tortilla manufacturing,2021,"324,814",0.0,"51,568",0.0,"12,087",0.0,"1,050",0.0,792,0.0,"1,448",0.0,"34,400",0.0,"155,727",0.0,"167,243",0.0,"8,256",0.0,30% to less than 40%,10% to less than 20%,50% to less than 60%
Mississippi,3119,Other food manufacturing,2021,"91,696",0.0,"11,474",0.0,"2,864",0.0,156,0.0,D,D,236,0.0,D,D,"52,714",0.0,D,D,"2,905",0.0,70% to less than 80%,20% to less than 30%,90% to 100%
Mississippi,312,Beverage and tobacco product manufacturing,2021,"262,191",0.4,"21,213",1.1,"4,795",1.6,360,0.4,286,0.5,615,0.5,"15,603",0.5,"189,304",0.1,D,D,"5,434",6.5,30% to less than 40%,20% to less than 30%,60% to less than 70%
Mississippi,3121,Beverage manufacturing,2021,"262,191",0.4,"21,213",1.1,"4,795",1.6,360,0.4,286,0.5,615,0.5,"15,603",0.5,"189,304",0.1,D,D,"5,434",6.5,30% to less than 40%,20% to less than 30%,60% to less than 70%
Missouri,311,Food manufacturing,2021,"26,526,114",0.6,"1,985,860",0.9,"491,724",0.9,"38,483",1.5,"32,300",1.4,"60,080",1.6,"1,465,148",1.0,"17,507,566",0.5,"9,154,808",1.4,"547,020",5.0,30% to less than 40%,20% to less than 30%,20% to less than 30%
Missouri,3111,Animal food manufacturing,2021,"3,375,066",2.3,"176,677",0.9,"44,331",1.3,"2,692",0.9,"2,148",1.3,"4,190",3.6,"123,681",1.1,"1,541,984",3.9,"1,847,971",5.6,"38,048",8.7,40% to less than 50%,30% to less than 40%,30% to less than 40%
Missouri,3112,Grain and oilseed milling,2021,"5,088,645",0.8,"130,963",1.3,"33,266",1.3,"2,628",1.3,"2,140",0.9,"3,883",1.4,"84,114",1.1,"4,107,900",0.8,"1,040,736",1.6,"74,270",33.2,10% to less than 20%,10% to less than 20%,20% to less than 30%
Missouri,3113,Sugar and confectionery product manufacturing,2021,"124,302",0.0,"21,707",0.0,"5,678",0.0,650,0.0,472,0.0,778,0.0,"13,976",0.0,"70,785",0.0,D,D,"1,157",0.0,50% to less than 60%,40% to less than 50%,90% to 100%
Missouri,3114,Fruit and vegetable preserving and specialty food manufacturing,2021,"3,123,056",1.8,"217,448",3.4,"54,654",3.3,"3,729",8.8,"3,112",9.5,"5,581",10.8,"158,049",3.8,"1,791,151",2.1,"1,337,119",1.6,"32,400",0.0,10% to less than 20%,10% to less than 20%,10% to less than 20%
Missouri,3115,Dairy product manufacturing,2021,"4,123,128",0.1,"316,442",0.2,"78,181",0.4,"5,574",0.0,"4,832",0.0,"9,622",0.1,"266,394",0.3,"3,383,185",0.1,D,D,"59,007",0.0,10% to less than 20%,20% to less than 30%,30% to less than 40%
Missouri,3116,Animal slaughtering and processing,2021,"7,479,749",1.1,"861,378",1.3,"206,933",1.4,"18,310",1.4,"15,758",1.5,"29,400",1.6,"634,753",1.5,"4,975,382",0.7,"2,559,862",2.1,"291,914",3.4,30% to less than 40%,20% to less than 30%,20% to less than 30%
Missouri,3118,Bakeries and tortilla manufacturing,2021,"1,461,329",0.9,"106,858",4.1,"28,098",3.7,"2,627",10.1,"2,087",7.1,"3,439",7.4,"77,566",4.1,"808,322",1.0,"656,616",1.3,"18,627",2.8,80% to less than 90%,20% to less than 30%,40% to less than 50%
Missouri,3119,Other food manufacturing,2021,"1,750,839",3.7,"154,387",7.0,"40,582",7.1,"2,273",11.4,"1,751",13.0,"3,188",14.8,"106,615",8.1,"828,856",4.6,"940,027",2.9,"31,597",17.1,60% to less than 70%,10% to less than 20%,40% to less than 50%
Missouri,312,Beverage and tobacco product manufacturing,2021,"3,667,514",3.6,"275,657",3.3,"68,593",3.2,"4,376",4.7,"2,548",0.8,"4,662",1.0,"152,488",1.3,"1,226,108",3.5,"2,458,452",3.9,"50,498",2.0,80% to less than 90%,60% to less than 70%,70% to less than 80%
Missouri,3121,Beverage manufacturing,2021,D,D,D,D,D,D,"2,500 to 4,999 employees",D,D,D,D,D,D,D,D,D,D,D,D,D,D,D,D
Missouri,3122,Tobacco manufacturing,2021,D,D,D,D,D,D,0 to 19 employees,D,D,D,D,D,D,D,D,D,D,D,D,D,D,D,D
Montana,311,Food manufacturing,2021,"1,172,848",0.5,"112,315",1.7,"27,271",2.1,"2,148",6.3,"1,586",8.6,"3,079",2.3,"76,953",3.1,"833,257",1.2,D,D,D,D,50% to less than 60%,20% to less than 30%,60% to less than 70%
Montana,3111,Animal food manufacturing,2021,"54,130",0.0,"4,501",0.0,"1,120",0.0,93,0.0,57,0.0,86,0.0,"1,958",0.0,D,D,D,D,D,D,Less than 10%,Less than 10%,20% to less than 30%
Montana,3112,Grain and oilseed milling,2021,"383,868",0.0,"15,938",0.0,"3,995",0.0,229,0.0,171,0.0,416,0.0,"10,715",0.0,"286,551",0.0,"101,379",0.0,"11,770",0.0,30% to less than 40%,Less than 10%,20% to less than 30%
Montana,3113,Sugar and confectionery product manufacturing,2021,"248,877",0.0,"21,582",0.0,"5,363",0.0,296,0.0,241,0.0,659,0.0,"16,019",0.0,D,D,"63,131",0.0,D,D,90% to 100%,80% to less than 90%,80% to less than 90%
Montana,3114,Fruit and vegetable preserving and specialty food manufacturing,2021,"27,951",0.0,"3,363",0.0,841,0.0,75,0.0,67,0.0,134,0.0,"2,681",0.0,"14,128",0.0,D,D,D,D,80% to less than 90%,Less than 10%,90% to 100%
Montana,3115,Dairy product manufacturing,2021,"127,406",0.0,"16,906",0.0,"4,120",0.0,275,0.0,162,0.0,377,0.0,"12,339",0.0,"91,401",0.0,D,D,D,D,90% to 100%,60% to less than 70%,60% to less than 70%
Montana,3116,Animal slaughtering and processing,2021,"221,769",0.0,"21,811",0.0,"5,258",0.0,477,0.0,362,0.0,654,0.0,"14,788",0.0,"163,765",0.0,"59,056",0.0,D,D,30% to less than 40%,10% to less than 20%,60% to less than 70%
Montana,3118,Bakeries and tortilla manufacturing,2021,"88,607",6.0,"23,735",8.1,"5,464",10.5,618,22.0,470,29.1,651,10.9,"15,909",14.8,"56,819",17.7,D,D,D,D,60% to less than 70%,Less than 10%,70% to less than 80%
Montana,3119,Other food manufacturing,2021,"20,240",0.0,"4,479",0.0,"1,110",0.0,85,0.0,56,0.0,102,0.0,"2,544",0.0,D,D,D,D,D,D,20% to less than 30%,Less than 10%,50% to less than 60%
Montana,312,Beverage and tobacco product manufacturing,2021,"144,136",10.0,"31,576",3.3,"7,781",3.2,781,2.5,442,3.3,699,2.4,"15,185",4.8,"64,050",14.9,D,D,"2,265",0.0,60% to less than 70%,10% to less than 20%,90% to 100%
Montana,3121,Beverage manufacturing,2021,"144,136",10.0,"31,576",3.3,"7,781",3.2,781,2.5,442,3.3,699,2.4,"15,185",4.8,"64,050",14.9,D,D,"2,265",0.0,60% to less than 70%,10% to less than 20%,90% to 100%
Nebraska,311,Food manufacturing,2021,"36,406,884",0.5,"2,075,835",0.6,"507,383",0.5,"37,766",0.5,"32,649",0.6,"70,585",0.6,"1,676,753",0.6,"24,693,170",0.4,"11,991,544",0.7,"412,523",1.5,20% to less than 30%,10% to less than 20%,20% to less than 30%
Nebraska,3111,Animal food manufacturing,2021,"2,459,390",4.9,"138,303",5.6,"35,493",1.4,"2,527",6.2,"1,794",7.5,"3,785",8.2,"82,086",7.7,"1,282,395",6.1,"1,180,075",5.2,"20,527",5.2,70% to less than 80%,50% to less than 60%,70% to less than 80%
Nebraska,3112,Grain and oilseed milling,2021,"5,763,933",0.0,"130,469",0.0,"34,865",0.0,"1,581",0.0,"1,247",0.0,"3,000",0.0,"78,215",0.0,"4,466,354",0.0,"1,341,478",0.0,"74,385",0.0,40% to less than 50%,50% to less than 60%,Less than 10%
Nebraska,3113,Sugar and confectionery product manufacturing,2021,D,D,"18,324",0.0,"4,326",0.0,390,0.0,D,D,D,D,"13,676",0.0,D,D,D,D,D,D,D,70% to less than 80%,90% to 100%
Nebraska,3114,Fruit and vegetable preserving and specialty food manufacturing,2021,D,D,"33,693",0.0,"8,423",0.0,818,0.0,710,0.0,"1,799",0.0,"29,818",0.0,D,D,"133,210",0.0,D,D,D,20% to less than 30%,30% to less than 40%
Nebraska,3115,Dairy product manufacturing,2021,"621,702",0.0,"45,674",0.0,"10,826",0.0,764,0.0,D,D,D,D,"28,999",0.0,"426,739",0.0,"205,789",0.0,"11,383",0.0,30% to less than 40%,50% to less than 60%,50% to less than 60%
Nebraska,3116,Animal slaughtering and processing,2021,"26,019,398",0.4,"1,585,556",0.6,"385,626",0.6,"29,129",0.4,"26,028",0.4,"56,245",0.3,"1,354,173",0.6,"17,628,365",0.4,"8,615,687",0.7,"251,218",0.6,10% to less than 20%,Less than 10%,10% to less than 20%
Nebraska,3118,Bakeries and tortilla manufacturing,2021,"585,312",0.4,"82,451",2.9,"18,004",4.3,"1,616",4.0,"1,226",5.2,"2,539",6.3,"59,321",3.8,"257,303",0.8,"328,341",0.7,"26,258",22.9,10% to less than 20%,10% to less than 20%,20% to less than 30%
Nebraska,3119,Other food manufacturing,2021,D,D,"41,365",0.0,"9,819",0.0,941,0.0,740,0.0,"1,423",0.0,"30,466",0.0,"289,518",0.0,D,D,D,D,D,Less than 10%,Less than 10%
Nebraska,312,Beverage and tobacco product manufacturing,2021,"186,506",2.1,"20,576",0.2,"4,829",0.3,456,0.2,275,0.2,570,1.0,"13,031",0.1,"130,431",1.6,D,D,"1,380",5.6,10% to less than 20%,10% to less than 20%,60% to less than 70%
Nebraska,3121,Beverage manufacturing,2021,"186,506",2.1,"20,576",0.2,"4,829",0.3,456,0.2,275,0.2,570,1.0,"13,031",0.1,"130,431",1.6,D,D,"1,380",5.6,10% to less than 20%,10% to less than 20%,60% to less than 70%
Nevada,311,Food manufacturing,2021,"2,741,192",2.9,"266,551",2.3,"63,365",2.7,"5,613",3.7,"4,386",3.7,"8,142",4.2,"183,833",2.0,"1,585,449",3.6,"1,171,681",2.8,"43,368",2.1,50% to less than 60%,20% to less than 30%,50% to less than 60%
Nevada,3111,Animal food manufacturing,2021,"127,741",0.0,D,D,D,D,133,0.0,112,0.0,217,0.0,"6,184",0.0,"87,636",0.0,D,D,D,D,90% to 100%,D,80% to less than 90%
Nevada,3112,Grain and oilseed milling,2021,D,D,"9,373",0.0,"2,345",0.0,100 to 249 employees,D,D,D,D,D,D,D,D,D,"3,702",0.0,0,X,D,80% to less than 90%,D
Nevada,3113,Sugar and confectionery product manufacturing,2021,"129,582",0.0,"17,372",0.0,"3,543",0.0,257,0.0,183,0.0,455,0.0,"11,787",0.0,"78,409",0.0,"54,857",0.0,"5,304",0.0,10% to less than 20%,Less than 10%,40% to less than 50%
Nevada,3114,Fruit and vegetable preserving and specialty food manufacturing,2021,"54,011",0.0,"10,919",0.0,"2,730",0.0,150,0.0,126,0.0,282,0.0,"7,340",0.0,"25,439",0.0,"28,635",0.0,551,0.0,70% to less than 80%,30% to less than 40%,90% to 100%
Nevada,3115,Dairy product manufacturing,2021,"668,116",0.0,"39,529",0.0,"9,883",0.0,659,0.0,343,0.0,816,0.0,"19,417",0.0,"433,004",0.0,"237,014",0.0,"5,772",0.0,90% to 100%,50% to less than 60%,50% to less than 60%
Nevada,3116,Animal slaughtering and processing,2021,"150,984",0.0,"19,055",0.0,"4,584",0.0,318,0.0,268,0.0,487,0.0,"12,067",0.0,"104,717",0.0,"46,381",0.0,D,D,80% to less than 90%,10% to less than 20%,60% to less than 70%
Nevada,3117,Seafood product preparation and packaging,2021,D,D,D,D,D,D,0 to 19 employees,D,D,D,D,D,D,D,D,D,D,D,D,D,D,D,D
Nevada,3118,Bakeries and tortilla manufacturing,2021,"412,048",1.4,"65,452",2.1,"15,471",2.0,"1,960",6.9,"1,447",6.7,"2,283",2.6,"40,660",1.7,"138,178",3.0,"267,120",2.8,"3,023",0.0,40% to less than 50%,30% to less than 40%,90% to 100%
Nevada,3119,Other food manufacturing,2021,"1,146,550",6.9,"95,108",6.3,"22,372",7.6,"1,995",8.0,"1,801",7.2,"3,411",9.8,"79,940",4.5,"672,109",8.6,"489,706",6.5,"21,098",4.3,20% to less than 30%,Less than 10%,10% to less than 20%
Nevada,312,Beverage and tobacco product manufacturing,2021,"578,296",14.9,"107,305",28.2,"27,824",25.5,"2,125",33.0,860,5.6,"1,605",4.9,"42,341",2.4,"244,107",6.8,"345,105",20.7,D,D,50% to less than 60%,10% to less than 20%,20% to less than 30%
Nevada,3121,Beverage manufacturing,2021,D,D,D,D,D,D,"2,116",33.2,D,D,"1,596",4.9,D,D,"242,688",6.8,D,D,"26,673 (s)",74.6,D,D,20% to less than 30%
Nevada,3122,Tobacco manufacturing,2021,D,D,D,D,D,D,9,0.0,D,D,9,0.0,D,D,"1,419",0.0,D,D,D,D,D,D,90% to 100%
New Hampshire,311,Food manufacturing,2021,"1,481,717",2.8,"178,816",1.9,"44,975",2.4,"2,770",2.5,"1,973",4.7,"4,091",3.7,"105,294",3.8,"777,522",3.0,"710,073",2.6,"18,611",6.0,80% to less than 90%,60% to less than 70%,80% to less than 90%
New Hampshire,3111,Animal food manufacturing,2021,D,D,"1,603",0.0,403,0.0,35,0.0,D,D,59,0.0,"1,143",0.0,D,D,D,D,634,0.0,D,Less than 10%,60% to less than 70%
New Hampshire,3112,Grain and oilseed milling,2021,D,D,D,D,D,D,0 to 19 employees,D,D,D,D,D,D,D,D,D,D,D,D,D,D,D,D
New Hampshire,3113,Sugar and confectionery product manufacturing,2021,D,D,"67,459",0.0,"16,860",0.0,883,0.0,786,0.0,"1,762",0.0,D,D,D,D,D,D,D,D,D,90% to 100%,90% to 100%
New Hampshire,3114,Fruit and vegetable preserving and specialty food manufacturing,2021,D,D,"2,042",0.0,509,0.0,30,0.0,D,D,D,D,D,D,D,D,D,D,134,0.0,D,Less than 10%,90% to 100%
New Hampshire,3115,Dairy product manufacturing,2021,"485,821",0.0,"47,120",0.0,"11,831",0.0,553,0.0,D,D,619,0.0,D,D,"285,201",0.0,D,D,"5,487",0.0,80% to less than 90%,80% to less than 90%,80% to less than 90%
New Hampshire,3116,Animal slaughtering and processing,2021,"54,542",0.0,D,D,D,D,100 to 249 employees,D,D,D,D,D,D,D,D,D,D,D,D,D,90% to 100%,D,D
New Hampshire,3117,Seafood product preparation and packaging,2021,D,D,D,D,D,D,100 to 249 employees,D,D,D,D,D,D,D,D,D,D,D,D,D,D,D,D
New Hampshire,3118,Bakeries and tortilla manufacturing,2021,"147,314",10.0,"29,797",11.0,"7,686",13.7,687,9.8,397,22.6,681,17.1,"17,194",22.9,"54,389",11.4,"93,398",9.4,"3,191",35.0,50% to less than 60%,20% to less than 30%,60% to less than 70%
New Hampshire,3119,Other food manufacturing,2021,"95,744 (s)",41.0,"11,111",6.7,"2,762",5.9,237,9.4,184,13.2,263,36.6,"8,440",8.1,"76,803",29.2,"20,406 (s)",79.2,255,13.6,30% to less than 40%,30% to less than 40%,70% to less than 80%
New Hampshire,312,Beverage and tobacco product manufacturing,2021,"729,579",4.6,"52,774",12.4,"12,770",25.1,998,15.2,699,7.8,"1,212",8.5,"34,968",6.8,"326,864",7.0,"404,225",2.2,"7,798",2.1,60% to less than 70%,30% to less than 40%,70% to less than 80%
New Hampshire,3121,Beverage manufacturing,2021,"729,579",4.6,"52,774",12.4,"12,770",25.1,998,15.2,699,7.8,"1,212",8.5,"34,968",6.8,"326,864",7.0,"404,225",2.2,"7,798",2.1,60% to less than 70%,30% to less than 40%,70% to less than 80%
New Jersey,311,Food manufacturing,2021,"13,536,998",0.8,"1,583,759",1.6,"390,471",1.7,"30,812",1.8,"23,108",2.0,"43,900",1.8,"993,203",1.6,"7,665,521",0.7,"5,956,222",1.1,"552,783",3.9,40% to less than 50%,20% to less than 30%,60% to less than 70%
New Jersey,3111,Animal food manufacturing,2021,"54,473",0.0,"7,076",0.0,"1,772",0.0,89,0.0,50,0.0,100,0.0,"2,971",0.0,"36,599",0.0,"18,198",0.0,D,D,80% to less than 90%,10% to less than 20%,80% to less than 90%
New Jersey,3112,Grain and oilseed milling,2021,"804,571",0.0,"48,821",0.0,"13,485",0.0,628,0.0,464,0.0,953,0.0,"24,820",0.0,"614,707",0.0,"213,579",0.0,D,D,10% to less than 20%,10% to less than 20%,70% to less than 80%
New Jersey,3113,Sugar and confectionery product manufacturing,2021,"1,297,130",0.0,"119,443",0.0,"28,141",0.0,"1,964",0.0,"1,543",0.0,"2,977",0.0,"82,169",0.0,"633,645",0.0,"666,825",0.0,D,D,80% to less than 90%,20% to less than 30%,70% to less than 80%
New Jersey,3114,Fruit and vegetable preserving and specialty food manufacturing,2021,"1,229,170",3.9,"145,674",2.3,"36,653",1.9,"2,729",1.8,"2,184",3.7,"4,824",7.9,"94,885",4.5,"778,306",4.2,"482,173",4.0,"27,277",21.6,30% to less than 40%,10% to less than 20%,40% to less than 50%
New Jersey,3115,Dairy product manufacturing,2021,"1,329,568",1.2,"120,908",3.0,"31,197",3.4,"2,097",3.3,"1,447",4.2,"2,900",4.2,"74,169",4.2,"840,167",1.4,"489,344",1.1,D,D,60% to less than 70%,50% to less than 60%,80% to less than 90%
New Jersey,3116,Animal slaughtering and processing,2021,"1,607,937",2.0,"179,292",4.7,"40,821",2.0,"2,995",1.2,"2,466",0.8,"5,208",1.8,"116,809",2.3,"1,055,652",1.9,"553,613",2.2,"136,914",1.1,20% to less than 30%,Less than 10%,30% to less than 40%
New Jersey,3117,Seafood product preparation and packaging,2021,"201,308",0.0,"17,748",0.0,"4,158",0.0,417,0.0,330,0.0,580,0.0,"10,790",0.0,"137,695",0.0,"66,109",0.0,"15,950",0.0,30% to less than 40%,10% to less than 20%,30% to less than 40%
New Jersey,3118,Bakeries and tortilla manufacturing,2021,"2,914,802",2.6,"556,789",4.0,"135,321",4.8,"12,292",4.3,"9,360",4.8,"16,612",4.0,"361,060",4.0,"1,341,848",2.2,"1,571,955",3.3,"165,868",12.5,40% to less than 50%,30% to less than 40%,50% to less than 60%
New Jersey,3119,Other food manufacturing,2021,"4,098,039",1.2,"388,007",1.4,"98,922",1.3,"7,601",1.8,"5,264",2.3,"9,746",1.9,"225,531",1.7,"2,226,902",1.1,"1,894,426",1.5,"130,312",0.1,40% to less than 50%,30% to less than 40%,60% to less than 70%
New Jersey,312,Beverage and tobacco product manufacturing,2021,"2,632,542",1.4,"275,766",2.4,"68,487",2.4,"4,793",4.8,"3,311",2.3,"6,196",1.9,"178,032",1.8,"1,235,094",2.9,"1,408,341",2.2,"42,191",3.2,50% to less than 60%,10% to less than 20%,40% to less than 50%
New Jersey,3121,Beverage manufacturing,2021,D,D,D,D,D,D,"2,500 to 4,999 employees",D,D,D,D,D,D,D,D,D,D,D,"42,191",3.2,D,D,D
New Jersey,3122,Tobacco manufacturing,2021,D,D,D,D,D,D,0 to 19 employees,D,D,D,D,D,D,D,D,D,D,D,0,X,D,D,D
New Mexico,311,Food manufacturing,2021,"4,052,749",3.6,"273,720",9.5,"67,788",7.8,"5,271",4.7,"4,488",5.5,"9,229",9.6,"210,627",13.9,"2,496,652",2.8,"1,574,987",6.6,"72,653",17.9,20% to less than 30%,20% to less than 30%,20% to less than 30%
New Mexico,3111,Animal food manufacturing,2021,"205,915",0.0,"8,476",0.0,"2,209",0.0,160,0.0,145,0.0,313,0.0,"7,200",0.0,"146,771",0.0,"60,081",0.0,"9,786",0.0,Less than 10%,Less than 10%,10% to less than 20%
New Mexico,3112,Grain and oilseed milling,2021,D,D,D,D,D,D,250 to 499 employees,D,D,D,D,D,D,D,D,D,D,D,D,D,D,D,D
New Mexico,3113,Sugar and confectionery product manufacturing,2021,D,D,D,D,D,D,20 to 99 employees,D,D,D,D,D,D,D,D,D,D,D,341,0.0,D,D,D
New Mexico,3114,Fruit and vegetable preserving and specialty food manufacturing,2021,"500,634",29.5,"83,838",30.9,"19,228",27.6,"1,243",19.7,"1,084",22.0,"2,485",35.5,"65,183 (s)",44.7,"263,752",26.7,"249,157 (s)",41.3,"17,003 (s)",76.7,50% to less than 60%,30% to less than 40%,30% to less than 40%
New Mexico,3115,Dairy product manufacturing,2021,"2,267,300",0.0,"82,133",0.0,"20,375",0.0,"1,524",0.0,"1,336",0.0,"2,751",0.0,"70,103",0.0,"1,444,423",0.0,D,D,"30,746",0.0,20% to less than 30%,20% to less than 30%,30% to less than 40%
New Mexico,3116,Animal slaughtering and processing,2021,"189,471",1.7,"20,257",2.1,"5,064",2.3,649,3.9,573,8.9,"1,384",7.4,"14,883",15.3,"152,833",3.0,D,D,D,D,10% to less than 20%,Less than 10%,10% to less than 20%
New Mexico,3118,Bakeries and tortilla manufacturing,2021,D,D,"29,794",0.6,"7,261",0.7,895,2.7,729,3.4,"1,124",0.9,"20,614",0.6,D,D,D,D,"1,062",11.5,D,50% to less than 60%,60% to less than 70%
New Mexico,3119,Other food manufacturing,2021,"181,794",0.0,"19,388",0.0,"4,780",0.0,341,0.0,252,0.0,539,0.0,"11,954",0.0,D,D,"83,112",0.0,"2,155",0.0,70% to less than 80%,60% to less than 70%,80% to less than 90%
New Mexico,312,Beverage and tobacco product manufacturing,2021,"179,472",0.0,"28,888",0.0,"7,171",0.0,810,0.0,391,0.0,668,0.0,"12,854",0.0,D,D,"117,381",0.0,"1,457",0.0,30% to less than 40%,30% to less than 40%,90% to 100%
New Mexico,3121,Beverage manufacturing,2021,D,D,D,D,D,D,500 to 999 employees,D,D,D,D,D,D,D,D,D,D,D,"1,457",0.0,D,D,D
New Mexico,3122,Tobacco manufacturing,2021,D,D,D,D,D,D,0 to 19 employees,D,D,D,D,D,D,D,D,D,D,D,0,X,D,D,D
New York,311,Food manufacturing,2021,"21,631,098",1.1,"2,461,706",1.4,"608,258",1.5,"45,218",2.2,"34,565",2.5,"64,390",2.4,"1,564,239",1.7,"12,308,030",1.1,"9,511,543",1.5,"475,754",3.3,30% to less than 40%,10% to less than 20%,50% to less than 60%
New York,3111,Animal food manufacturing,2021,"1,795,694",0.3,"111,001",0.1,"27,634",0.1,"1,522",0.2,"1,176",0.3,"2,309",0.8,"65,929",0.3,"1,087,179",1.6,"722,524",2.9,D,D,40% to less than 50%,40% to less than 50%,70% to less than 80%
New York,3112,Grain and oilseed milling,2021,"1,571,179",0.1,D,D,D,D,"1,478",4.8,"1,191",5.7,"2,226",1.8,"68,416",2.1,"1,023,377",0.1,"557,274",0.2,"16,124",0.0,10% to less than 20%,D,40% to less than 50%
New York,3113,Sugar and confectionery product manufacturing,2021,D,D,"154,393",0.5,"37,683",0.5,"3,329",0.3,"2,455",0.3,"4,030",0.4,"87,796",0.6,D,D,D,D,"20,775",0.0,D,40% to less than 50%,80% to less than 90%
New York,3114,Fruit and vegetable preserving and specialty food manufacturing,2021,"1,981,005",4.7,"314,692",3.2,"75,891",3.2,"5,725",4.2,"4,621",4.4,"9,573",4.4,"225,014",3.4,"937,607",3.7,"1,067,182",6.2,"44,587",2.3,50% to less than 60%,30% to less than 40%,60% to less than 70%
New York,3115,Dairy product manufacturing,2021,"7,131,928",1.7,"649,399",2.0,"171,019",1.8,"10,224",2.2,"7,361",2.5,"14,637",2.5,"373,682",2.6,"4,842,292",1.7,"2,349,035",2.0,"235,863",3.9,30% to less than 40%,10% to less than 20%,30% to less than 40%
New York,3116,Animal slaughtering and processing,2021,"1,478,565",3.0,"144,169",3.5,"33,921",5.5,"2,640",3.9,"2,072",6.0,"3,732",7.1,"92,815",6.3,"952,980",4.8,"547,007",3.9,"16,625",11.7,30% to less than 40%,Less than 10%,60% to less than 70%
New York,3117,Seafood product preparation and packaging,2021,D,D,D,D,D,D,250,0.0,154,0.0,335,0.0,"6,764",0.0,D,D,D,D,D,D,D,D,90% to 100%
New York,3118,Bakeries and tortilla manufacturing,2021,"3,313,258",4.4,"627,267",4.7,"148,480",5.1,"13,994",6.5,"10,824",7.1,"19,320",7.2,"424,360",5.1,"1,254,996",5.4,"2,096,367",4.9,"63,240",10.3,40% to less than 50%,10% to less than 20%,50% to less than 60%
New York,3119,Other food manufacturing,2021,"2,927,624",3.3,"333,592",2.8,"80,529",3.2,"6,056",3.8,"4,711",4.0,"8,228",4.7,"219,463",3.4,"1,477,897",3.0,"1,464,194",4.1,"62,590",17.6,30% to less than 40%,20% to less than 30%,60% to less than 70%
New York,312,Beverage and tobacco product manufacturing,2021,"3,712,747",2.8,"488,271",5.7,"117,338",6.1,"7,734",9.5,"5,260",2.9,"10,207",3.1,"273,195",2.1,"1,790,854",2.4,"1,881,580",3.7,"207,697",14.3,40% to less than 50%,10% to less than 20%,50% to less than 60%
New York,3121,Beverage manufacturing,2021,"3,572,967",2.9,"473,237",5.9,"113,530",6.3,"7,506",9.7,"5,092",3.0,"9,983",3.1,"266,281",2.1,D,D,"1,785,162",3.9,"206,420",14.3,40% to less than 50%,10% to less than 20%,50% to less than 60%
New York,3122,Tobacco manufacturing,2021,"139,780",0.0,"15,034",0.0,"3,808",0.0,228,0.0,168,0.0,224,0.0,"6,914",0.0,D,D,"96,418",0.0,"1,277",0.0,40% to less than 50%,10% to less than 20%,20% to less than 30%
North Carolina,311,Food manufacturing,2021,"26,971,508",1.3,"2,545,726",1.0,"625,371",1.0,"55,106",0.8,"46,132",0.9,"89,902",1.3,"1,812,702",1.1,"16,600,002",1.6,"10,443,778",1.2,"380,341",1.1,20% to less than 30%,10% to less than 20%,20% to less than 30%
North Carolina,3111,Animal food manufacturing,2021,"3,057,522",2.1,"61,912",0.5,"14,754",0.8,"1,014",0.3,766,1.7,"1,667",2.1,"42,915",1.6,"2,328,362",1.0,"735,292",8.2,D,D,10% to less than 20%,10% to less than 20%,30% to less than 40%
North Carolina,3112,Grain and oilseed milling,2021,"2,198,706",0.0,"74,145",0.0,"17,964",0.0,"1,072",0.0,784,0.0,"1,646",0.0,"45,937",0.0,"1,719,289",0.0,"482,179",0.0,"24,847",0.0,20% to less than 30%,30% to less than 40%,30% to less than 40%
North Carolina,3113,Sugar and confectionery product manufacturing,2021,"143,583",1.1,"27,655",0.4,"6,781",1.5,640,0.0,515,0.0,875,0.6,"16,972",0.6,"60,604",0.1,"82,820",1.8,"1,479",0.0,50% to less than 60%,20% to less than 30%,90% to 100%
North Carolina,3114,Fruit and vegetable preserving and specialty food manufacturing,2021,"2,697,229",1.0,"227,263",1.2,"55,219",3.1,"4,088",3.4,"3,648",3.7,"8,540",2.4,"188,574",1.6,"1,044,042",2.2,"1,683,149",0.2,"31,131",3.3,10% to less than 20%,10% to less than 20%,10% to less than 20%
North Carolina,3115,Dairy product manufacturing,2021,"837,562",0.0,"63,260",0.0,"16,273",0.0,"1,314",0.0,"1,118",0.0,"2,354",0.0,"46,602",0.0,"599,167",0.0,"237,024",0.0,"7,910",0.0,60% to less than 70%,20% to less than 30%,70% to less than 80%
North Carolina,3116,Animal slaughtering and processing,2021,"12,604,723",2.6,"1,457,513",1.2,"361,886",1.2,"34,402",0.9,"29,766",0.9,"57,528",1.5,"1,097,095",1.5,"8,382,888",3.0,"4,237,286",2.3,"172,165",2.1,10% to less than 20%,10% to less than 20%,20% to less than 30%
North Carolina,3117,Seafood product preparation and packaging,2021,"144,620",0.0,"15,684",0.0,"3,921",0.0,457,0.0,409,0.0,773,0.0,"13,633",0.0,"113,701",0.0,"31,760",0.0,D,D,90% to 100%,60% to less than 70%,90% to 100%
North Carolina,3118,Bakeries and tortilla manufacturing,2021,"2,903,083",1.4,"414,902",3.0,"99,865",3.1,"8,311",2.0,"6,322",2.4,"11,753",2.0,"233,447",2.7,"1,092,720",3.1,"1,816,974",1.0,"109,436",1.5,40% to less than 50%,10% to less than 20%,40% to less than 50%
North Carolina,3119,Other food manufacturing,2021,"2,384,479",5.3,"203,392",5.9,"48,708",5.3,"3,808",7.3,"2,805",9.0,"4,766",14.9,"127,527",8.1,"1,259,229",5.4,"1,137,294",5.4,"23,751",0.0,20% to less than 30%,10% to less than 20%,30% to less than 40%
North Carolina,312,Beverage and tobacco product manufacturing,2021,"26,999,293",1.1,"652,256",1.5,"162,549",1.9,"10,670",2.1,"7,029",2.2,"11,726",2.8,"355,492",1.7,"5,019,254",4.7,"21,979,330",0.4,"160,375",2.7,80% to less than 90%,50% to less than 60%,60% to less than 70%
North Carolina,3121,Beverage manufacturing,2021,"2,386,367",1.0,"274,905",2.4,"68,431",3.8,"5,558",3.6,"2,817",4.5,"5,248",4.8,"136,522",3.0,"1,512,182",1.2,"890,050",2.4,"62,905",6.9,30% to less than 40%,20% to less than 30%,60% to less than 70%
North Carolina,3122,Tobacco manufacturing,2021,"24,612,927",1.2,"377,351",1.9,"94,119",1.8,"5,113",1.9,"4,211",2.1,"6,477",3.4,"218,969",2.1,"3,507,072",6.7,"21,089,280",0.4,"97,470",0.0,90% to 100%,70% to less than 80%,60% to less than 70%
North Dakota,311,Food manufacturing,2021,"5,441,215",0.6,"311,070",2.9,"76,401",3.1,"5,517",2.6,"4,439",3.0,"8,817",2.2,"217,037",2.5,"3,774,314",0.6,"1,716,453",0.8,"65,044",6.5,20% to less than 30%,30% to less than 40%,50% to less than 60%
North Dakota,3111,Animal food manufacturing,2021,"176,682",0.0,"10,036",0.0,"2,506",0.0,100 to 249 employees,D,D,D,239,0.0,"6,053",0.0,"140,863",0.0,D,D,"1,199",0.0,60% to less than 70%,50% to less than 60%,D
North Dakota,3112,Grain and oilseed milling,2021,"2,372,608",0.0,"52,226",0.0,"11,679",0.0,650,0.0,455,0.0,914,0.0,"30,403",0.0,"1,900,090",0.0,"507,123",0.0,"18,971",0.0,Less than 10%,Less than 10%,10% to less than 20%
North Dakota,3113,Sugar and confectionery product manufacturing,2021,D,D,D,D,D,D,"1,146",0.0,998,0.0,"2,158",0.0,D,D,D,D,D,D,D,D,D,D,50% to less than 60%
North Dakota,3114,Fruit and vegetable preserving and specialty food manufacturing,2021,D,D,"43,519",0.0,"11,578",0.0,670,0.0,531,0.0,D,D,"32,328",0.0,D,D,D,D,D,D,D,Less than 10%,Less than 10%
North Dakota,3115,Dairy product manufacturing,2021,D,D,D,D,D,D,100 to 249 employees,D,D,D,D,D,D,D,D,D,D,D,D,D,D,D,D
North Dakota,3116,Animal slaughtering and processing,2021,"233,338",14.4,"34,356",22.8,"8,614",26.3,759,18.2,663,19.7,"1,128",16.5,"23,197",19.7,"154,636",15.2,"85,385",14.2,428,0.0,90% to 100%,80% to less than 90%,90% to 100%
North Dakota,3118,Bakeries and tortilla manufacturing,2021,"485,690",1.0,"64,734",6.4,"16,222",4.4,"1,332",2.3,"1,049",2.7,"1,951",2.9,"46,367",6.3,"248,561",1.0,"239,066",3.3,"15,917",26.5,20% to less than 30%,30% to less than 40%,50% to less than 60%
North Dakota,3119,Other food manufacturing,2021,"214,120",0.0,"26,842",0.0,"6,972",0.0,585,0.0,481,0.0,890,0.0,"17,846",0.0,"142,074",0.0,"72,109",0.0,"2,404",0.0,50% to less than 60%,60% to less than 70%,30% to less than 40%
North Dakota,312,Beverage and tobacco product manufacturing,2021,"35,517",0.0,"7,917",0.0,"1,981",0.0,137,0.0,58,0.0,111,0.0,"3,661",0.0,D,D,D,D,"1,352",0.0,70% to less than 80%,60% to less than 70%,90% to 100%
North Dakota,3121,Beverage manufacturing,2021,"35,517",0.0,"7,917",0.0,"1,981",0.0,137,0.0,58,0.0,111,0.0,"3,661",0.0,D,D,D,D,"1,352",0.0,70% to less than 80%,60% to less than 70%,90% to 100%
Ohio,311,Food manufacturing,2021,"35,611,329",1.5,"2,901,790",0.9,"706,157",1.1,"53,497",1.3,"42,911",1.6,"84,077",1.4,"2,030,787",1.2,"20,376,203",1.2,"15,392,057",2.2,"938,108",2.7,20% to less than 30%,20% to less than 30%,30% to less than 40%
Ohio,3111,Animal food manufacturing,2021,"2,461,188",1.7,"166,635",1.6,"41,044",1.2,"2,819",1.4,"2,099",1.5,"4,089",2.1,"99,433",2.7,"1,457,173",3.4,"1,023,374",6.0,"25,701",11.5,50% to less than 60%,30% to less than 40%,60% to less than 70%
Ohio,3112,Grain and oilseed milling,2021,"4,985,942",0.7,"148,440",8.0,"38,337",7.1,"1,645",17.6,"1,192",21.8,"2,977",11.0,"89,878",10.3,"3,905,544",0.5,"1,112,091",1.5,"225,303",1.3,Less than 10%,10% to less than 20%,10% to less than 20%
Ohio,3113,Sugar and confectionery product manufacturing,2021,"333,465",17.5,"79,171",9.1,"21,237",5.2,"1,854",0.5,"1,488",1.7,"2,628",0.4,"48,295",11.5,"177,268",7.6,"144,558",30.4,"8,741",0.0,20% to less than 30%,20% to less than 30%,50% to less than 60%
Ohio,3114,Fruit and vegetable preserving and specialty food manufacturing,2021,"6,591,887",0.1,"503,278",0.8,"123,116",2.3,"9,763",0.9,"8,087",1.3,"16,190",1.0,"361,468",1.3,"3,452,359",0.4,"3,136,970",0.3,"178,941",0.5,Less than 10%,Less than 10%,20% to less than 30%
Ohio,3115,Dairy product manufacturing,2021,"5,685,257",1.1,"387,015",1.1,"90,185",1.5,"6,209",1.4,"4,643",1.6,"9,154",1.9,"273,442",1.5,"3,531,904",1.8,"2,226,863",2.3,"149,694",2.9,30% to less than 40%,30% to less than 40%,40% to less than 50%
Ohio,3116,Animal slaughtering and processing,2021,"5,894,050",3.5,"590,765",3.0,"142,539",2.5,"12,473",2.6,"10,902",2.9,"20,724",2.9,"437,637",3.7,"3,845,315",3.9,"2,081,023",2.8,"139,600",9.7,20% to less than 30%,20% to less than 30%,20% to less than 30%
Ohio,3118,Bakeries and tortilla manufacturing,2021,"2,953,340",1.5,"449,085",1.5,"108,617",1.4,"9,623",4.1,"7,369",5.6,"13,430",3.8,"304,411",2.6,"1,264,480",1.5,"1,695,437",1.7,"69,522",2.9,20% to less than 30%,10% to less than 20%,30% to less than 40%
Ohio,3119,Other food manufacturing,2021,"6,706,200",7.3,"577,400",1.0,"141,082",3.5,"9,111",4.0,"7,132",4.9,"14,885",5.2,"416,223",2.8,"2,742,161",6.2,"3,971,741",7.9,"140,606",14.9,40% to less than 50%,30% to less than 40%,40% to less than 50%
Ohio,312,Beverage and tobacco product manufacturing,2021,"4,368,658",2.1,"384,570",4.8,"94,069",4.5,"6,935",6.0,"3,849",4.1,"7,042",4.2,"222,845",3.1,"1,793,264",2.9,"2,633,654",2.0,"82,467",4.1,50% to less than 60%,20% to less than 30%,40% to less than 50%
Ohio,3121,Beverage manufacturing,2021,"4,368,658",2.1,"384,570",4.8,"94,069",4.5,"6,935",6.0,"3,849",4.1,"7,042",4.2,"222,845",3.1,"1,793,264",2.9,"2,633,654",2.0,"82,467",4.1,50% to less than 60%,20% to less than 30%,40% to less than 50%
Ohio,3122,Tobacco manufacturing,2021,0,X,0,X,0,X,0,X,0,X,0,X,0,X,0,X,0,X,0,X,Less than 10%,Less than 10%,Less than 10%
Oklahoma,311,Food manufacturing,2021,"8,011,121",1.6,"746,102",2.3,"179,996",2.4,"14,193",3.0,"11,744",3.2,"24,198",2.6,"566,652",2.4,"4,699,798",1.6,"3,359,456",1.9,"131,705",3.9,40% to less than 50%,30% to less than 40%,30% to less than 40%
Oklahoma,3111,Animal food manufacturing,2021,"2,057,579",0.3,"115,513",0.7,"28,703",1.0,"2,032",1.0,"1,590",0.9,"3,024",0.5,"81,755",0.8,"973,217",1.0,"1,094,483",1.3,"31,380",15.7,50% to less than 60%,40% to less than 50%,60% to less than 70%
Oklahoma,3112,Grain and oilseed milling,2021,"456,638",0.0,"41,064",0.0,"9,974",0.0,565,0.0,422,0.0,943,0.0,"28,621",0.0,"257,303",0.0,"199,450",0.0,D,D,60% to less than 70%,40% to less than 50%,30% to less than 40%
Oklahoma,3113,Sugar and confectionery product manufacturing,2021,"5,542",0.0,735,0.0,182,0.0,18,0.0,13,0.0,30,0.0,491,0.0,D,D,"2,307",0.0,D,D,90% to 100%,Less than 10%,40% to less than 50%
Oklahoma,3114,Fruit and vegetable preserving and specialty food manufacturing,2021,"10,798",0.0,"1,826",0.0,459,0.0,39,0.0,32,0.0,52,0.0,"1,076",0.0,D,D,"5,062",0.0,D,D,60% to less than 70%,Less than 10%,70% to less than 80%
Oklahoma,3115,Dairy product manufacturing,2021,"717,774",0.0,"60,504",0.0,"14,751",0.0,"1,126",0.0,854,0.0,"1,924",0.0,"44,895",0.0,"491,668",0.0,"234,134",0.0,"7,604",0.0,90% to 100%,90% to 100%,90% to 100%
Oklahoma,3116,Animal slaughtering and processing,2021,"3,924,777",3.2,"406,187",3.5,"96,750",3.9,"7,937",4.9,"6,840",5.2,"14,453",3.8,"331,046",3.8,"2,562,128",2.8,"1,391,126",4.3,"57,160",0.0,30% to less than 40%,10% to less than 20%,10% to less than 20%
Oklahoma,3118,Bakeries and tortilla manufacturing,2021,"699,107",3.7,"96,562",5.0,"23,137",4.8,"1,919",5.3,"1,519",5.1,"2,835",5.0,"63,390",4.8,D,D,"403,301",3.0,"12,851",0.0,30% to less than 40%,10% to less than 20%,40% to less than 50%
Oklahoma,3119,Other food manufacturing,2021,"138,907",14.8,"23,711",31.1,"6,040",33.0,557,23.4,474,24.1,938,27.8,"15,378",29.1,"108,753",16.3,"29,593 (s)",57.0,D,D,90% to 100%,80% to less than 90%,90% to 100%
Oklahoma,312,Beverage and tobacco product manufacturing,2021,"470,418",22.8,"91,222",28.2,"20,282",21.8,"1,627",20.4,"1,026",19.7,"1,817",14.2,"50,696",21.6,"258,767",9.5,D,D,"39,819",18.4,20% to less than 30%,10% to less than 20%,30% to less than 40%
Oklahoma,3121,Beverage manufacturing,2021,D,D,D,D,D,D,"1,000 to 2,499 employees",D,D,D,D,D,D,D,D,D,D,D,D,D,D,D,D
Oklahoma,3122,Tobacco manufacturing,2021,D,D,D,D,D,D,0 to 19 employees,D,D,D,D,D,D,D,D,D,D,D,D,D,D,D,D
Oregon,311,Food manufacturing,2021,"12,234,242",1.6,"1,251,270",1.5,"293,855",2.1,"24,101",2.7,"19,058",3.1,"37,466",2.2,"875,886",1.7,"6,747,383",1.5,"5,455,978",2.3,"288,204",2.2,40% to less than 50%,20% to less than 30%,40% to less than 50%
Oregon,3111,Animal food manufacturing,2021,"192,877",0.0,"17,070",0.0,"4,235",0.0,269,0.0,190,0.0,378,0.0,"9,016",0.0,"167,473",0.0,D,D,D,D,40% to less than 50%,10% to less than 20%,60% to less than 70%
Oregon,3112,Grain and oilseed milling,2021,"658,466",15.8,"38,699",20.9,"9,695",18.5,702,18.3,503,20.5,"1,052",21.5,"25,246",18.6,"512,603",13.6,"142,686",24.6,"11,376",6.4,10% to less than 20%,Less than 10%,Less than 10%
Oregon,3113,Sugar and confectionery product manufacturing,2021,"231,623",0.0,"39,808",0.0,"9,063",0.0,992,0.0,714,0.0,"1,276",0.0,"25,481",0.0,"120,544",0.0,D,D,D,D,70% to less than 80%,30% to less than 40%,80% to less than 90%
Oregon,3114,Fruit and vegetable preserving and specialty food manufacturing,2021,"3,701,384",2.2,"353,491",2.3,"87,424",2.0,"7,035",3.5,"5,692",3.8,"11,192",3.0,"266,200",2.1,"1,975,216",2.1,"1,600,100",3.6,"152,972",0.8,50% to less than 60%,30% to less than 40%,40% to less than 50%
Oregon,3115,Dairy product manufacturing,2021,"2,506,032",1.8,"177,813",0.5,"41,488",1.8,"2,666",0.5,"1,862",0.9,"3,726",1.6,"109,029",0.5,"1,643,660",2.0,D,D,"16,764",1.5,20% to less than 30%,20% to less than 30%,30% to less than 40%
Oregon,3116,Animal slaughtering and processing,2021,"1,274,278",6.3,"106,893",4.3,"26,050",1.3,"2,250",5.0,"2,025",5.3,"3,932",3.2,"86,542",5.8,"749,520",5.9,"531,119",7.2,"44,172",0.0,40% to less than 50%,50% to less than 60%,80% to less than 90%
Oregon,3117,Seafood product preparation and packaging,2021,"443,263",0.0,"50,908",0.0,"11,549",0.0,"1,110",0.0,998,0.0,"2,296",0.0,"37,104",0.0,"250,978",0.0,"208,179",0.0,D,D,70% to less than 80%,40% to less than 50%,70% to less than 80%
Oregon,3118,Bakeries and tortilla manufacturing,2021,"1,484,255",7.1,"267,375",4.9,"56,447",9.6,"5,399",10.4,"4,330",12.3,"7,704",8.7,"180,805",6.0,"489,630",6.0,"989,815",9.6,"27,844",19.7,20% to less than 30%,Less than 10%,20% to less than 30%
Oregon,3119,Other food manufacturing,2021,"1,742,064",1.9,"199,213",2.0,"47,904",1.3,"3,678",1.8,"2,744",2.4,"5,910",3.6,"136,463",3.9,"837,760",1.3,"916,645",2.8,"27,179",9.9,40% to less than 50%,20% to less than 30%,50% to less than 60%
Oregon,312,Beverage and tobacco product manufacturing,2021,"1,520,428",8.2,"261,514",4.4,"61,125",3.7,"4,949",9.6,"1,977",23.4,"3,746",13.0,"97,503",11.0,"731,716",11.9,"781,881",13.0,"53,644",14.2,50% to less than 60%,Less than 10%,70% to less than 80%
Oregon,3121,Beverage manufacturing,2021,"1,520,428",8.2,"261,514",4.4,"61,125",3.7,"4,949",9.6,"1,977",23.4,"3,746",13.0,"97,503",11.0,"731,716",11.9,"781,881",13.0,"53,644",14.2,50% to less than 60%,Less than 10%,70% to less than 80%
Oregon,3122,Tobacco manufacturing,2021,0,X,0,X,0,X,0,X,0,X,0,X,0,X,0,X,0,X,0,X,Less than 10%,Less than 10%,Less than 10%
Pennsylvania,311,Food manufacturing,2021,"38,063,454",1.0,"3,757,664",1.0,"895,098",1.1,"69,497",1.8,"54,504",1.7,"108,186",1.4,"2,637,285",0.9,"21,332,562",1.2,"16,812,749",1.3,"807,499",4.0,30% to less than 40%,20% to less than 30%,30% to less than 40%
Pennsylvania,3111,Animal food manufacturing,2021,"5,469,201",3.7,"297,723",0.3,"72,433",0.9,"4,930",0.4,"3,749",3.0,"8,107",3.7,"209,218",3.5,"3,329,284",4.9,"2,183,876",1.9,"79,417",0.4,50% to less than 60%,30% to less than 40%,20% to less than 30%
Pennsylvania,3112,Grain and oilseed milling,2021,D,D,D,D,D,D,"1,054",3.8,D,D,D,D,D,D,"737,426",19.3,D,D,"25,490",3.5,D,D,20% to less than 30%
Pennsylvania,3113,Sugar and confectionery product manufacturing,2021,"4,900,622",5.5,"522,035",3.0,"130,100",4.6,"9,792",9.0,"7,947",6.6,"15,034",6.1,"370,196",1.6,"2,461,520",3.3,"2,438,569",7.8,"98,331",3.1,20% to less than 30%,20% to less than 30%,30% to less than 40%
Pennsylvania,3114,Fruit and vegetable preserving and specialty food manufacturing,2021,"1,889,805",3.9,"272,339",3.7,"58,381",3.9,"5,359",3.6,"4,396",3.5,"9,053",4.0,"194,718",4.0,"1,165,100",2.8,"750,209",5.7,"41,586",5.3,30% to less than 40%,10% to less than 20%,30% to less than 40%
Pennsylvania,3115,Dairy product manufacturing,2021,"4,176,458",1.9,"367,734",0.7,"91,999",1.5,"7,517",1.5,"5,024",0.7,"10,012",0.5,"251,683",0.9,"2,754,456",2.2,"1,405,640",1.1,"61,290",1.9,50% to less than 60%,40% to less than 50%,60% to less than 70%
Pennsylvania,3116,Animal slaughtering and processing,2021,"9,337,704",0.7,"1,033,204",2.8,"241,018",2.3,"19,189",2.3,"15,850",1.9,"32,443",1.7,"750,795",2.3,"6,483,797",0.8,"2,894,053",1.2,"228,278",12.1,30% to less than 40%,30% to less than 40%,30% to less than 40%
Pennsylvania,3117,Seafood product preparation and packaging,2021,D,D,D,D,D,D,35,0.0,D,D,D,D,D,D,"4,818",0.0,D,D,640,0.0,D,D,90% to 100%
Pennsylvania,3118,Bakeries and tortilla manufacturing,2021,"5,237,871",1.0,"610,072",2.1,"138,006",2.1,"11,246",6.2,"8,306",7.7,"16,615",4.7,"392,780",2.6,"1,604,675",1.5,"3,636,410",1.2,"149,411",9.3,20% to less than 30%,Less than 10%,30% to less than 40%
Pennsylvania,3119,Other food manufacturing,2021,"5,997,218",1.8,"559,809",1.3,"136,552",2.2,"10,374",1.9,"8,438",2.2,"15,332",2.7,"413,102",1.6,"2,791,487",1.6,"3,215,804",2.2,"123,056",6.7,40% to less than 50%,30% to less than 40%,30% to less than 40%
Pennsylvania,312,Beverage and tobacco product manufacturing,2021,"5,051,442",1.7,"540,187",2.7,"131,983",2.3,"10,311",6.0,"5,811",4.5,"10,839",3.0,"305,501",3.3,"2,302,711",1.7,"2,784,445",1.9,"114,392",9.5,50% to less than 60%,40% to less than 50%,50% to less than 60%
Pennsylvania,3121,Beverage manufacturing,2021,"4,971,152",1.7,"530,426",2.8,"129,480",2.3,"10,122",6.1,"5,651",4.6,"10,497",3.1,"297,467",3.4,"2,285,381",1.7,"2,721,724",1.9,D,D,50% to less than 60%,40% to less than 50%,50% to less than 60%
Pennsylvania,3122,Tobacco manufacturing,2021,"80,290",0.0,"9,761",0.0,"2,503",0.0,189,0.0,160,0.0,342,0.0,"8,034",0.0,"17,330",0.0,"62,721",0.0,D,D,40% to less than 50%,40% to less than 50%,50% to less than 60%
Rhode Island,311,Food manufacturing,2021,"724,605",4.1,"144,928",5.4,"33,672",6.6,"2,515",5.5,"1,806",5.3,"3,663",6.5,"92,628",3.1,D,D,"362,268",7.4,"40,752",0.7,30% to less than 40%,Less than 10%,40% to less than 50%
Rhode Island,3112,Grain and oilseed milling,2021,D,D,D,D,D,D,0 to 19 employees,D,D,D,D,D,D,D,D,D,D,D,D,D,D,D,D
Rhode Island,3113,Sugar and confectionery product manufacturing,2021,"6,446",0.0,"1,440",0.0,353,0.0,45,0.0,29,0.0,D,D,747,0.0,"3,625",0.0,D,D,D,D,80% to less than 90%,Less than 10%,40% to less than 50%
Rhode Island,3114,Fruit and vegetable preserving and specialty food manufacturing,2021,D,D,"3,976",0.0,997,0.0,78,0.0,67,0.0,76,0.0,"2,100",0.0,D,D,D,D,308,0.0,D,Less than 10%,90% to 100%
Rhode Island,3115,Dairy product manufacturing,2021,"41,213",0.0,"7,134",0.0,"1,784",0.0,132,0.0,89,0.0,179,0.0,"4,881",0.0,"24,616",0.0,"16,681",0.0,423,0.0,90% to 100%,Less than 10%,90% to 100%
Rhode Island,3116,Animal slaughtering and processing,2021,"286,126",0.0,"55,823",0.0,"11,544",0.0,951,0.0,783,0.0,"1,718",0.0,"44,190",0.0,"136,537",0.0,D,D,D,D,Less than 10%,Less than 10%,Less than 10%
Rhode Island,3117,Seafood product preparation and packaging,2021,D,D,D,D,D,D,20 to 99 employees,D,D,D,D,D,D,D,D,D,D,D,D,D,D,D,D
Rhode Island,3118,Bakeries and tortilla manufacturing,2021,"130,189",23.0,"42,222",18.6,"11,031",20.2,787,17.7,548,17.5,"1,075",22.2,"24,633",11.7,"49,707",14.1,"81,077",32.9,"2,367",12.3,70% to less than 80%,Less than 10%,60% to less than 70%
Rhode Island,3119,Other food manufacturing,2021,"230,926",0.0,"32,581",0.0,"7,531",0.0,494,0.0,267,0.0,545,0.0,"14,728",0.0,"126,413",0.0,"105,907",0.0,D,D,Less than 10%,Less than 10%,50% to less than 60%
Rhode Island,312,Beverage and tobacco product manufacturing,2021,"100,898",12.2,"32,003",9.3,"7,958",9.4,560,9.8,372,4.0,683,2.9,"17,394",1.2,"55,748",1.3,D,D,"1,056",0.0,70% to less than 80%,20% to less than 30%,90% to 100%
Rhode Island,3121,Beverage manufacturing,2021,"100,898",12.2,"32,003",9.3,"7,958",9.4,560,9.8,372,4.0,683,2.9,"17,394",1.2,"55,748",1.3,D,D,"1,056",0.0,70% to less than 80%,20% to less than 30%,90% to 100%
South Carolina,311,Food manufacturing,2021,"8,237,489",0.4,"808,856",0.5,"192,963",0.6,"16,782",1.3,"13,767",1.4,"28,113",1.5,"561,408",0.7,"4,911,642",0.6,D,D,"223,892",0.7,30% to less than 40%,20% to less than 30%,40% to less than 50%
South Carolina,3111,Animal food manufacturing,2021,"546,890",0.0,"27,154",0.0,"6,914",0.0,473,0.0,388,0.0,753,0.0,"17,395",0.0,"279,254",0.0,D,D,"3,057",0.0,30% to less than 40%,20% to less than 30%,40% to less than 50%
South Carolina,3112,Grain and oilseed milling,2021,D,D,"7,908",0.0,"2,035",0.0,115,0.0,72,0.0,D,D,D,D,D,D,"23,996",0.0,"1,797",0.0,D,30% to less than 40%,60% to less than 70%
South Carolina,3113,Sugar and confectionery product manufacturing,2021,D,D,"15,942",0.0,"3,159",0.0,405,0.0,339,0.0,D,D,D,D,D,D,D,D,D,D,D,Less than 10%,90% to 100%
South Carolina,3114,Fruit and vegetable preserving and specialty food manufacturing,2021,"1,259,554",0.0,"158,876",0.0,"34,693",0.0,"3,080",0.0,"2,388",0.0,"5,199",0.0,"108,426",0.0,D,D,"641,787",0.0,"73,089",0.0,50% to less than 60%,40% to less than 50%,50% to less than 60%
South Carolina,3115,Dairy product manufacturing,2021,"289,006",0.0,"16,124",0.0,"4,091",0.0,289,0.0,216,0.0,417,0.0,"10,670",0.0,"189,527",0.0,D,D,D,D,70% to less than 80%,60% to less than 70%,70% to less than 80%
South Carolina,3116,Animal slaughtering and processing,2021,"3,323,141",0.0,"379,640",0.0,"91,383",0.0,"7,706",0.0,"6,711",0.0,"14,187",0.0,"273,987",0.0,"2,076,190",0.0,"1,256,374",0.0,"36,451",0.0,20% to less than 30%,20% to less than 30%,20% to less than 30%
South Carolina,3118,Bakeries and tortilla manufacturing,2021,"999,511",3.3,"97,179",2.0,"23,536",2.9,"2,226",3.3,"1,710",4.4,"3,106",5.3,"67,107",5.1,"485,124",4.0,"519,751",2.2,"12,751",10.9,40% to less than 50%,20% to less than 30%,30% to less than 40%
South Carolina,3119,Other food manufacturing,2021,"1,286,989",0.8,"106,034",3.2,"27,152",3.2,"2,489",8.4,"1,943",9.3,"3,625",10.4,"66,780",2.7,"809,946",2.9,"484,409",6.3,"89,599",0.7,50% to less than 60%,30% to less than 40%,40% to less than 50%
South Carolina,312,Beverage and tobacco product manufacturing,2021,"544,953",1.7,"59,061",1.6,"14,360",1.3,"1,200",1.9,860,0.8,"1,506",1.5,"36,904",5.4,"374,793",2.8,D,D,D,D,50% to less than 60%,30% to less than 40%,50% to less than 60%
South Carolina,3121,Beverage manufacturing,2021,D,D,D,D,D,D,"1,000 to 2,499 employees",D,D,D,D,D,D,D,D,D,D,D,"6,781",10.5,D,D,D
South Carolina,3122,Tobacco manufacturing,2021,D,D,D,D,D,D,0 to 19 employees,D,D,D,D,D,D,D,D,D,D,D,D,D,D,D,D
South Dakota,311,Food manufacturing,2021,"6,966,127",2.3,"547,851",0.1,"124,344",0.2,"10,899",0.1,"8,817",0.2,"17,498",0.4,"399,305",0.3,"5,015,127",3.0,"2,007,542",1.1,"112,898",3.6,20% to less than 30%,10% to less than 20%,20% to less than 30%
South Dakota,3111,Animal food manufacturing,2021,"731,462",21.8,"42,457",1.2,"10,639",2.0,800,1.2,637,3.4,"1,236",6.1,"32,032",3.6,"564,291",26.7,"168,711",13.5,"23,095",17.6,60% to less than 70%,60% to less than 70%,70% to less than 80%
South Dakota,3112,Grain and oilseed milling,2021,"1,347,641",0.0,"17,923",0.0,"4,354",0.0,246,0.0,204,0.0,386,0.0,"12,579",0.0,"1,200,609",0.0,"187,241",0.0,D,D,Less than 10%,Less than 10%,Less than 10%
South Dakota,3113,Sugar and confectionery product manufacturing,2021,D,D,D,D,D,D,20 to 99 employees,D,D,D,D,D,D,D,D,D,D,D,125,0.0,D,D,D
South Dakota,3114,Fruit and vegetable preserving and specialty food manufacturing,2021,D,D,D,D,D,D,0 to 19 employees,D,D,D,D,D,D,D,D,D,D,D,D,D,D,D,D
South Dakota,3115,Dairy product manufacturing,2021,"1,796,710",0.0,"83,697",0.0,"20,447",0.0,"1,402",0.0,"1,181",0.0,"2,544",0.0,"64,572",0.0,"1,431,942",0.0,D,D,"11,805",0.0,20% to less than 30%,10% to less than 20%,40% to less than 50%
South Dakota,3116,Animal slaughtering and processing,2021,S,S,"336,850",0.0,"72,082",0.0,"7,047",0.0,"5,793",0.0,"11,619",0.0,"250,435",0.0,S,S,"1,083,099",0.0,"57,373",0.0,Less than 10%,Less than 10%,Less than 10%
South Dakota,3118,Bakeries and tortilla manufacturing,2021,D,D,"47,993",0.0,"11,987",0.0,957,0.0,624,0.0,"1,093",0.0,D,D,D,D,D,D,D,D,D,90% to 100%,40% to less than 50%
South Dakota,3119,Other food manufacturing,2021,"113,430",0.0,"17,740",0.0,"4,534",0.0,421,0.0,358,0.0,589,0.0,"12,177",0.0,"67,603",0.0,D,D,"1,306",0.0,90% to 100%,Less than 10%,80% to less than 90%
South Dakota,312,Beverage and tobacco product manufacturing,2021,"88,502",31.7,"10,216",11.6,"3,869",25.8,369,33.1,S,A,S,A,S,A,D,D,"74,114 (s)",62.3,"3,908 (s)",82.0,70% to less than 80%,60% to less than 70%,80% to less than 90%
South Dakota,3121,Beverage manufacturing,2021,"88,502",31.7,"10,216",11.6,"3,869",25.8,369,33.1,S,A,S,A,S,A,D,D,"74,114 (s)",62.3,"3,908 (s)",82.0,70% to less than 80%,60% to less than 70%,80% to less than 90%
Tennessee,311,Food manufacturing,2021,"23,571,084",0.7,"1,841,363",1.2,"446,897",1.1,"35,100",1.4,"28,740",1.7,"54,319",1.8,"1,297,484",1.2,"13,442,079",1.0,"10,155,307",1.7,"626,317",4.1,40% to less than 50%,20% to less than 30%,30% to less than 40%
Tennessee,3111,Animal food manufacturing,2021,D,D,D,D,D,D,500 to 999 employees,D,D,D,D,D,D,D,D,D,D,D,D,D,D,D,D
Tennessee,3112,Grain and oilseed milling,2021,"2,136,378",0.0,"165,947",0.0,"39,715",0.0,"2,109",0.0,"1,624",0.0,"3,758",0.0,"110,119",0.0,"1,236,635",0.0,"896,447",0.0,"55,395",0.0,60% to less than 70%,30% to less than 40%,30% to less than 40%
Tennessee,3113,Sugar and confectionery product manufacturing,2021,"2,629,920",0.0,"126,291",0.0,"27,829",0.0,"2,645",0.0,"2,263",0.0,"4,258",0.0,"97,639",0.0,"1,245,786",0.0,"1,379,413",0.0,"28,504",0.0,80% to less than 90%,20% to less than 30%,30% to less than 40%
Tennessee,3114,Fruit and vegetable preserving and specialty food manufacturing,2021,"2,174,282",0.2,"172,061",1.1,"40,929",0.9,"3,097",3.1,"2,561",3.7,"4,946",6.9,"109,913",2.5,"1,068,208",0.7,"1,122,905",0.5,"36,322",0.1,40% to less than 50%,10% to less than 20%,60% to less than 70%
Tennessee,3115,Dairy product manufacturing,2021,"2,100,714",0.0,"133,737",0.0,"31,832",0.0,"2,511",0.0,"1,623",0.0,"3,200",0.0,"75,768",0.0,"1,555,937",0.0,"564,434",0.0,"25,817",0.0,20% to less than 30%,40% to less than 50%,30% to less than 40%
Tennessee,3116,Animal slaughtering and processing,2021,"4,296,183",0.6,"454,987",0.9,"109,216",0.7,"10,831",1.0,"9,563",1.1,"18,030",2.5,"368,468",0.7,"2,948,894",0.9,"1,319,785",0.9,"193,372",13.2,30% to less than 40%,20% to less than 30%,30% to less than 40%
Tennessee,3117,Seafood product preparation and packaging,2021,D,D,D,D,D,D,0 to 19 employees,D,D,D,D,D,D,D,D,D,D,D,D,D,D,D,D
Tennessee,3118,Bakeries and tortilla manufacturing,2021,"4,442,632",1.8,"435,763",2.3,"113,683",2.4,"7,587",3.7,"6,288",5.6,"10,842",5.3,"297,938",2.2,"2,032,895",3.2,"2,415,016",5.8,"190,502",0.7,10% to less than 20%,10% to less than 20%,30% to less than 40%
Tennessee,3119,Other food manufacturing,2021,"5,129,110",2.9,"314,073",5.9,"74,585",5.1,"5,647",6.6,"4,258",6.7,"8,165",6.9,"207,802",6.2,"2,843,245",3.7,"2,299,330",4.1,"91,736",3.3,60% to less than 70%,20% to less than 30%,20% to less than 30%
Tennessee,312,Beverage and tobacco product manufacturing,2021,"8,687,504",1.5,"254,900",26.2,"70,644",10.4,"4,331",24.7,"3,783",4.9,"6,911",5.1,"193,905",7.9,"2,006,161",12.5,"6,798,841",1.9,"118,007",31.8,40% to less than 50%,20% to less than 30%,50% to less than 60%
Tennessee,3121,Beverage manufacturing,2021,D,D,"179,692",37.1,"52,152",14.1,"3,410",31.4,"3,041",6.2,"5,529",6.4,"144,006",10.6,D,D,D,D,"92,745 (s)",40.4,D,20% to less than 30%,50% to less than 60%
Tennessee,3122,Tobacco manufacturing,2021,D,D,"75,208",0.0,"18,492",0.0,921,0.0,742,0.0,"1,382",0.0,"49,899",0.0,D,D,D,D,"25,262",0.0,D,30% to less than 40%,30% to less than 40%
Texas,311,Food manufacturing,2021,"58,472,210",3.3,"4,692,665",1.1,"1,101,565",1.0,"96,360",1.2,"79,164",1.1,"160,210",1.1,"3,459,492",1.0,"34,498,618",3.1,"24,316,198",3.9,"1,022,231",7.0,30% to less than 40%,20% to less than 30%,30% to less than 40%
Texas,3111,Animal food manufacturing,2021,"3,851,423",2.3,"197,226",3.2,"49,086",3.7,"3,634",1.3,"2,665",1.3,"5,884",1.7,"133,062",3.1,"2,482,228",2.3,"1,393,101",4.5,"70,627",21.6,30% to less than 40%,10% to less than 20%,60% to less than 70%
Texas,3112,Grain and oilseed milling,2021,"2,825,022",1.0,"130,764",1.3,"31,108",1.6,"2,339",1.3,"1,881",1.7,"4,012",1.7,"95,043",2.2,"1,956,676",1.2,"882,332",2.2,"98,642",1.4,10% to less than 20%,Less than 10%,10% to less than 20%
Texas,3113,Sugar and confectionery product manufacturing,2021,"1,634,201",2.1,"144,634",3.5,"36,052",5.2,"2,825",2.8,"2,495",4.9,"5,193",5.2,"107,597",4.1,"674,496",2.7,"964,603",1.6,"50,050",0.0,80% to less than 90%,20% to less than 30%,70% to less than 80%
Texas,3114,Fruit and vegetable preserving and specialty food manufacturing,2021,"3,437,220",1.2,"348,958",1.9,"84,845",2.6,"7,566",1.2,"6,357",1.0,"12,640",1.3,"257,820",1.1,"1,746,595",1.9,"1,695,059",1.4,"110,605",7.9,30% to less than 40%,30% to less than 40%,50% to less than 60%
Texas,3115,Dairy product manufacturing,2021,"6,786,486",27.1,"415,833",5.4,"100,841",5.2,"6,978",4.9,"4,025",2.4,"8,644",1.2,"216,506",1.3,"4,152,802",23.7,"2,696,378",33.9,"75,473",15.2,70% to less than 80%,60% to less than 70%,60% to less than 70%
Texas,3116,Animal slaughtering and processing,2021,"25,238,523",1.3,"1,989,495",1.8,"448,022",1.1,"42,728",1.5,"37,940",1.4,"80,065",1.2,"1,654,522",1.6,"16,684,312",1.3,"8,712,009",1.5,"269,340",0.5,10% to less than 20%,10% to less than 20%,10% to less than 20%
Texas,3117,Seafood product preparation and packaging,2021,"481,983",0.7,"39,452",0.1,"8,652",0.1,906,1.1,699,1.7,"1,567",3.1,"25,708",1.5,"240,572",0.5,"240,000",0.7,"13,668",0.2,20% to less than 30%,Less than 10%,20% to less than 30%
Texas,3118,Bakeries and tortilla manufacturing,2021,"4,648,878",2.0,"783,141",2.8,"191,656",2.7,"17,164",4.9,"13,790",4.9,"25,966",5.4,"537,165",3.3,"1,998,743",2.5,"2,652,579",3.9,"119,623",6.0,20% to less than 30%,10% to less than 20%,30% to less than 40%
Texas,3119,Other food manufacturing,2021,"9,568,474",5.5,"643,163",2.4,"151,302",3.7,"12,219",2.9,"9,310",2.5,"16,240",1.6,"432,069",1.8,"4,562,194",6.9,"5,080,137",4.3,"214,204",31.6,60% to less than 70%,20% to less than 30%,30% to less than 40%
Texas,312,Beverage and tobacco product manufacturing,2021,"9,782,891",1.4,"787,337",1.9,"194,836",1.9,"13,917",3.4,"8,341",5.4,"14,962",6.3,"446,262",5.7,"4,237,124",1.1,"5,633,982",1.9,"265,988",2.7,40% to less than 50%,30% to less than 40%,60% to less than 70%
Texas,3121,Beverage manufacturing,2021,"9,760,453",1.4,"784,960",2.0,"194,276",1.9,"13,842",3.5,"8,285",5.4,"14,861",6.4,"444,667",5.7,"4,229,924",1.1,"5,618,698",1.9,"265,801",2.7,40% to less than 50%,30% to less than 40%,60% to less than 70%
Texas,3122,Tobacco manufacturing,2021,"22,438",0.0,"2,377",0.0,560,0.0,75,0.0,56,0.0,101,0.0,"1,595",0.0,"7,200",0.0,"15,284",0.0,187,0.0,50% to less than 60%,60% to less than 70%,60% to less than 70%
Utah,311,Food manufacturing,2021,"12,099,641",1.6,"967,145",2.7,"227,646",2.3,"18,555",2.4,"14,868",2.5,"29,054",2.4,"696,906",2.8,"7,556,044",1.2,"4,592,322",3.8,"356,646",0.7,20% to less than 30%,20% to less than 30%,20% to less than 30%
Utah,3111,Animal food manufacturing,2021,"1,191,880",4.0,"93,990",0.2,"22,407",0.3,"1,525",0.3,"1,281",0.4,"2,628",0.8,"70,779",0.4,"801,321",5.8,"397,459",5.0,"15,672",5.7,20% to less than 30%,20% to less than 30%,30% to less than 40%
Utah,3112,Grain and oilseed milling,2021,"736,836",0.0,D,D,D,D,500 to 999 employees,D,D,D,D,D,D,D,"423,637",0.0,"316,165",0.0,"7,550",0.0,10% to less than 20%,D,D
Utah,3113,Sugar and confectionery product manufacturing,2021,D,D,"53,425",35.0,"12,137",39.0,"1,033",37.4,798,39.2,"1,344",35.6,"33,465",36.1,D,D,D,D,"7,033",13.6,D,Less than 10%,20% to less than 30%
Utah,3114,Fruit and vegetable preserving and specialty food manufacturing,2021,"1,166,265",12.5,"108,297",14.8,"22,993",3.1,"1,763",2.4,"1,390",2.9,"2,923",8.4,"73,956",19.8,"453,333",2.8,"737,997",22.4,"10,858",16.2,70% to less than 80%,80% to less than 90%,60% to less than 70%
Utah,3115,Dairy product manufacturing,2021,"3,352,414",0.7,"199,140",0.9,"49,053",0.1,"3,504",0.5,"2,832",0.9,"6,009",1.0,"148,441",0.1,"2,699,611",0.7,"682,233",0.4,"66,825",1.6,10% to less than 20%,10% to less than 20%,10% to less than 20%
Utah,3116,Animal slaughtering and processing,2021,"3,158,202",0.2,"223,264",0.4,"52,627",0.7,"4,972",0.3,"3,800",0.4,"7,172",0.4,"164,864",0.7,"2,083,433",0.3,"1,065,608",0.3,"213,621",0.2,20% to less than 30%,10% to less than 20%,20% to less than 30%
Utah,3117,Seafood product preparation and packaging,2021,D,D,D,D,D,D,0 to 19 employees,D,D,D,D,D,D,D,D,D,D,D,0,X,D,D,D
Utah,3118,Bakeries and tortilla manufacturing,2021,"1,204,583",0.7,"148,177",1.2,"35,883",1.1,"3,089",5.3,"2,480",1.6,"4,513",1.3,"101,941",1.0,"466,415",0.9,"733,078",0.7,"16,851",0.7,10% to less than 20%,30% to less than 40%,30% to less than 40%
Utah,3119,Other food manufacturing,2021,"1,010,256",7.4,"100,219",8.0,"22,578",9.0,"2,153",7.7,"1,914",9.3,"3,650",11.3,"78,082",7.2,"492,761",12.3,"518,135",2.5,"18,237",3.5,20% to less than 30%,Less than 10%,20% to less than 30%
Utah,312,Beverage and tobacco product manufacturing,2021,"236,281",36.4,"46,575",1.6,"10,253",15.0,984,2.0,574,6.0,923,7.9,"24,791",2.7,"188,581",12.3,D,D,D,D,30% to less than 40%,10% to less than 20%,50% to less than 60%
Utah,3121,Beverage manufacturing,2021,D,D,D,D,D,D,500 to 999 employees,D,D,D,D,D,D,D,D,D,D,D,D,D,D,D,D
Utah,3122,Tobacco manufacturing,2021,D,D,D,D,D,D,0 to 19 employees,D,D,D,D,D,D,D,D,D,D,D,D,D,D,D,D
Vermont,311,Food manufacturing,2021,"2,382,938",0.9,"255,380",3.3,"65,743",3.6,"4,569",6.1,"3,521",5.9,"6,919",4.2,"166,492",3.6,"1,538,542",0.7,"861,363",1.4,"51,042",3.2,40% to less than 50%,20% to less than 30%,60% to less than 70%
Vermont,3111,Animal food manufacturing,2021,"276,089",0.0,"18,940",0.0,"4,742",0.0,322,0.0,212,0.0,436,0.0,"8,940",0.0,D,D,"150,944",0.0,D,D,30% to less than 40%,30% to less than 40%,70% to less than 80%
Vermont,3112,Grain and oilseed milling,2021,D,D,D,D,D,D,20 to 99 employees,D,D,D,D,D,D,D,D,D,D,D,D,D,D,D,D
Vermont,3113,Sugar and confectionery product manufacturing,2021,"275,719",0.0,"30,568",0.0,"7,312",0.0,705,0.0,571,0.0,853,0.0,"17,598",0.0,"199,405",0.0,"76,414",0.0,D,D,90% to 100%,70% to less than 80%,90% to 100%
Vermont,3114,Fruit and vegetable preserving and specialty food manufacturing,2021,"49,997",0.0,"9,305",0.0,"2,346",0.0,192,0.0,161,0.0,309,0.0,"6,440",0.0,"30,849",0.0,D,D,D,D,80% to less than 90%,Less than 10%,90% to 100%
Vermont,3115,Dairy product manufacturing,2021,"1,247,344",0.7,"124,316",0.8,"32,402",0.8,"1,922",1.0,"1,476",0.7,"3,234",0.6,"85,815",0.6,"919,898",0.5,"341,490",1.3,"37,392",0.3,30% to less than 40%,10% to less than 20%,30% to less than 40%
Vermont,3116,Animal slaughtering and processing,2021,"85,851",0.0,"14,097",0.0,"3,690",0.0,326,0.0,242,0.0,456,0.0,"9,847",0.0,D,D,"32,480",0.0,D,D,20% to less than 30%,Less than 10%,60% to less than 70%
Vermont,3117,Seafood product preparation and packaging,2021,D,D,D,D,D,D,0 to 19 employees,D,D,D,D,D,D,D,D,D,D,D,D,D,D,D,D
Vermont,3118,Bakeries and tortilla manufacturing,2021,"147,527",13.4,"31,159",26.8,"7,322",31.9,596 (s),46.9,498 (s),41.7,934,30.9,"21,536",28.0,"62,652",14.3,"83,277",13.0,"3,205 (s)",50.5,30% to less than 40%,10% to less than 20%,70% to less than 80%
Vermont,3119,Other food manufacturing,2021,"289,244",0.0,"24,914",0.0,"7,407",0.0,466,0.0,329,0.0,644,0.0,"15,085",0.0,"137,731",0.0,"152,615",0.0,"5,049",0.0,90% to 100%,10% to less than 20%,50% to less than 60%
Vermont,312,Beverage and tobacco product manufacturing,2021,"379,063",22.6,"85,064",25.7,"20,965",26.1,"1,660",24.5,679,15.7,"1,261",16.4,"30,604",20.4,"139,874",20.7,"246,547",24.7,D,D,70% to less than 80%,50% to less than 60%,80% to less than 90%
Vermont,3121,Beverage manufacturing,2021,"379,063",22.6,"85,064",25.7,"20,965",26.1,"1,660",24.5,679,15.7,"1,261",16.4,"30,604",20.4,"139,874",20.7,"246,547",24.7,D,D,70% to less than 80%,50% to less than 60%,80% to less than 90%
Virginia,311,Food manufacturing,2021,"16,136,928",0.5,"1,488,156",1.1,"343,561",1.1,"30,577",1.2,"25,803",1.1,"49,348",1.1,"1,115,213",0.9,"8,993,993",0.5,"7,299,485",0.8,"532,211",1.4,20% to less than 30%,20% to less than 30%,20% to less than 30%
Virginia,3111,Animal food manufacturing,2021,D,D,"26,626",9.7,"6,702",7.5,508,4.2,412,5.0,953,12.6,"20,905",11.8,"458,904",4.4,D,D,"19,193",24.1,D,Less than 10%,10% to less than 20%
Virginia,3112,Grain and oilseed milling,2021,"866,870",0.0,D,D,D,D,316,0.0,268,0.0,557,0.0,D,D,"676,978",0.0,D,D,"27,973",0.0,Less than 10%,D,Less than 10%
Virginia,3113,Sugar and confectionery product manufacturing,2021,D,D,D,D,D,D,"1,416",0.0,"1,270",0.0,"2,646",0.0,D,D,D,D,D,D,D,D,D,D,Less than 10%
Virginia,3114,Fruit and vegetable preserving and specialty food manufacturing,2021,"608,541",0.0,"81,777",0.0,"15,172",0.0,"1,459",0.0,"1,113",0.0,"2,431",0.0,"53,870",0.0,D,D,D,D,D,D,10% to less than 20%,30% to less than 40%,Less than 10%
Virginia,3115,Dairy product manufacturing,2021,"3,289,142",0.0,"152,992",0.0,"37,618",0.0,"2,318",0.0,"2,053",0.0,"3,989",0.0,"130,917",0.0,"1,475,193",0.0,"1,826,771",0.0,"33,010",0.0,60% to less than 70%,50% to less than 60%,50% to less than 60%
Virginia,3116,Animal slaughtering and processing,2021,"5,036,003",0.6,"583,827",1.3,"137,930",0.9,"14,135",0.3,"12,703",0.4,"25,274",1.0,"477,441",0.7,"3,212,538",1.0,"1,830,949",1.7,"176,427",1.7,20% to less than 30%,20% to less than 30%,20% to less than 30%
Virginia,3117,Seafood product preparation and packaging,2021,"718,313",0.7,"41,011",1.0,"9,074",0.7,772,0.2,654,0.4,"1,748",1.1,"28,977",1.3,"469,171",2.7,"302,533",4.4,"12,024",14.7,70% to less than 80%,40% to less than 50%,60% to less than 70%
Virginia,3118,Bakeries and tortilla manufacturing,2021,"1,561,572",4.0,"217,004",5.8,"50,930",5.8,"4,573",7.0,"3,209",8.0,"5,877",7.6,"143,995",5.5,"610,016",3.5,"947,476",4.4,"47,203",8.8,10% to less than 20%,Less than 10%,20% to less than 30%
Virginia,3119,Other food manufacturing,2021,"2,588,110",0.5,"273,120",2.3,"59,966",3.2,"5,080",2.7,"4,120",2.7,"5,874",1.6,"175,915",2.0,"1,353,348",0.4,"1,251,510",0.9,"95,168",1.6,Less than 10%,20% to less than 30%,20% to less than 30%
Virginia,312,Beverage and tobacco product manufacturing,2021,"22,253,103",0.2,"532,521",0.5,"134,223",0.4,"8,444",1.4,"5,634",1.1,"10,268",1.1,"363,651",1.0,"3,690,442",0.8,"18,667,971",0.1,"112,698",2.1,Less than 10%,10% to less than 20%,50% to less than 60%
Virginia,3121,Beverage manufacturing,2021,D,D,D,D,D,D,"5,000 to 9,999 employees",D,D,D,D,D,D,D,"2,101,091",1.5,D,D,D,D,D,D,D
Virginia,3122,Tobacco manufacturing,2021,D,D,D,D,D,D,"1,000 to 2,499 employees",D,D,D,D,D,D,D,"1,589,351",0.0,D,D,D,D,D,D,D
Washington,311,Food manufacturing,2021,"16,007,431",0.7,"1,843,019",1.1,"448,135",1.1,"33,585",1.1,"27,157",1.6,"54,842",1.4,"1,334,524",1.3,"8,704,038",1.0,"7,418,619",1.1,"389,374",8.6,40% to less than 50%,20% to less than 30%,40% to less than 50%
Washington,3111,Animal food manufacturing,2021,"488,587",13.3,"38,924",9.2,"9,909",9.7,694,10.9,488,12.8,"1,023",7.4,"22,817",9.8,"256,818",16.0,"233,603",10.3,"12,031 (s)",45.4,10% to less than 20%,Less than 10%,50% to less than 60%
Washington,3112,Grain and oilseed milling,2021,"507,139",0.5,"50,364",0.4,"12,393",0.4,742,0.7,602,0.5,"1,212",0.4,"36,246",0.3,"276,762",0.5,"232,956",0.5,D,D,40% to less than 50%,20% to less than 30%,30% to less than 40%
Washington,3113,Sugar and confectionery product manufacturing,2021,"288,326",10.3,"49,383",6.4,"11,926",6.4,888,12.6,541,38.2,967,30.6,"25,181",17.9,"175,255",16.1,"118,252",9.6,D,D,10% to less than 20%,Less than 10%,50% to less than 60%
Washington,3114,Fruit and vegetable preserving and specialty food manufacturing,2021,"3,892,816",1.2,"483,508",1.9,"117,578",2.0,"8,972",2.5,"7,216",2.8,"16,023",2.5,"356,438",2.3,"1,940,677",2.1,"2,042,970",1.2,"68,630",1.4,60% to less than 70%,30% to less than 40%,40% to less than 50%
Washington,3115,Dairy product manufacturing,2021,"1,707,663",1.1,"113,163",11.3,"29,098",11.1,"1,753",6.5,"1,376",5.2,"3,223",1.9,"72,030",1.4,"1,221,867",2.3,"493,565",2.3,"62,683 (s)",51.4,10% to less than 20%,Less than 10%,20% to less than 30%
Washington,3116,Animal slaughtering and processing,2021,"2,737,833",1.0,"293,380",0.8,"67,354",1.2,"5,578",1.7,"4,822",2.2,"10,525",1.8,"229,113",1.0,"1,767,731",0.8,"983,176",3.5,"66,769",1.5,20% to less than 30%,10% to less than 20%,20% to less than 30%
Washington,3117,Seafood product preparation and packaging,2021,"2,243,739",1.3,"332,159",1.3,"82,288",1.7,"4,783",1.5,"4,192",2.0,"7,787",3.4,"272,077",1.7,"1,181,828",2.4,"1,056,211",3.1,"76,433",3.8,50% to less than 60%,20% to less than 30%,50% to less than 60%
Washington,3118,Bakeries and tortilla manufacturing,2021,"1,472,510",1.8,"262,512",4.0,"62,388",1.5,"5,799",3.2,"4,410",4.7,"7,490",3.8,"171,937",5.2,"448,281",3.7,"1,021,541",3.9,"22,843",21.9,20% to less than 30%,Less than 10%,40% to less than 50%
Washington,3119,Other food manufacturing,2021,"2,668,819",1.4,"219,626",2.0,"55,200",3.4,"4,376",2.8,"3,511",5.5,"6,591",5.5,"148,684",5.9,"1,434,817",2.6,"1,236,344",2.6,"38,176",13.4,40% to less than 50%,20% to less than 30%,50% to less than 60%
Washington,312,Beverage and tobacco product manufacturing,2021,"2,955,003",3.5,"471,715",4.1,"116,615",2.7,"8,073",3.1,"3,558",4.8,"5,813",6.1,"180,901",5.8,"1,461,297",4.0,D,D,"137,494",6.6,20% to less than 30%,20% to less than 30%,30% to less than 40%
Washington,3121,Beverage manufacturing,2021,"2,890,538",3.6,"465,807",4.1,"115,137",2.8,"7,990",3.1,D,D,D,D,D,D,"1,447,569",4.1,D,D,"136,845",6.6,20% to less than 30%,20% to less than 30%,30% to less than 40%
Washington,3122,Tobacco manufacturing,2021,"64,465",0.0,"5,908",0.0,"1,478",0.0,83,0.0,D,D,D,D,D,D,"13,728",0.0,D,D,649,0.0,50% to less than 60%,Less than 10%,50% to less than 60%
West Virginia,311,Food manufacturing,2021,"1,002,968",1.1,"114,179",2.4,"23,728",3.1,"2,264",4.5,"1,954",3.0,"3,427",4.5,"83,969",2.2,D,D,D,D,"32,402",0.0,40% to less than 50%,Less than 10%,20% to less than 30%
West Virginia,3111,Animal food manufacturing,2021,D,D,D,D,D,D,20 to 99 employees,D,D,D,D,D,D,D,D,D,D,D,D,D,D,D,D
West Virginia,3113,Sugar and confectionery product manufacturing,2021,"3,294",0.0,929,0.0,232,0.0,20 to 99 employees,D,D,D,54,0.0,D,D,D,D,"1,762",0.0,D,D,Less than 10%,Less than 10%,D
West Virginia,3114,Fruit and vegetable preserving and specialty food manufacturing,2021,D,D,"2,103",0.0,524,0.0,60,0.0,52,0.0,66,0.0,"1,783",0.0,D,D,D,D,124,0.0,D,Less than 10%,60% to less than 70%
West Virginia,3115,Dairy product manufacturing,2021,D,D,D,D,D,D,250 to 499 employees,D,D,D,D,D,D,D,D,D,D,D,D,D,D,D,D
West Virginia,3116,Animal slaughtering and processing,2021,D,D,D,D,D,D,"1,000 to 2,499 employees",D,D,D,D,D,D,D,D,D,D,D,D,D,D,D,D
West Virginia,3117,Seafood product preparation and packaging,2021,0,X,0,X,0,X,0,X,0,X,0,X,0,X,0,X,0,X,0,X,Less than 10%,Less than 10%,Less than 10%
West Virginia,3118,Bakeries and tortilla manufacturing,2021,"157,233",7.0,"15,858",17.5,"3,837",19.4,319,32.0,234,25.3,347 (s),44.4,"9,652",19.3,D,D,"120,651",6.7,D,D,20% to less than 30%,Less than 10%,60% to less than 70%
West Virginia,3119,Other food manufacturing,2021,"15,436",0.0,D,D,D,D,20 to 99 employees,D,35,0.0,D,D,"1,773",0.0,D,D,"10,694",0.0,D,D,60% to less than 70%,D,D
West Virginia,312,Beverage and tobacco product manufacturing,2021,"131,884",2.7,"23,125",9.9,"6,120",11.5,433,12.4,224,6.3,402,7.5,"8,554",18.3,D,D,D,D,"3,361",28.1,20% to less than 30%,10% to less than 20%,40% to less than 50%
West Virginia,3121,Beverage manufacturing,2021,D,D,D,D,D,D,250 to 499 employees,D,D,D,D,D,D,D,D,D,D,D,D,D,D,D,D
West Virginia,3122,Tobacco manufacturing,2021,D,D,D,D,D,D,100 to 249 employees,D,D,D,D,D,D,D,D,D,D,D,D,D,D,D,D
Wisconsin,311,Food manufacturing,2021,"49,051,649",0.9,"4,490,262",2.7,"1,084,421",2.0,"74,481",2.2,"59,715",2.4,"123,579",3.6,"3,127,927",2.8,"31,056,012",1.1,"18,291,636",1.2,"1,258,540",19.1,30% to less than 40%,20% to less than 30%,30% to less than 40%
Wisconsin,3111,Animal food manufacturing,2021,"2,996,067",7.3,"190,346",16.6,"45,109",14.0,"2,916",16.2,"2,211",19.3,"4,755",21.9,"114,143",20.9,"1,482,056",10.0,"1,529,873",6.0,"94,798 (s)",62.7,50% to less than 60%,30% to less than 40%,30% to less than 40%
Wisconsin,3112,Grain and oilseed milling,2021,"755,611",6.1,"69,187",12.0,"17,606",9.7,778,19.5,588,25.6,"1,337",5.4,"47,470",17.2,"491,906",8.1,D,D,D,D,Less than 10%,Less than 10%,10% to less than 20%
Wisconsin,3113,Sugar and confectionery product manufacturing,2021,"1,672,255",0.5,"183,126",2.1,"45,218",1.4,"2,549",11.6,"2,228",2.7,"4,029",3.6,"117,709",2.3,"1,248,490",1.3,"402,391",5.1,"37,807",1.0,40% to less than 50%,30% to less than 40%,40% to less than 50%
Wisconsin,3114,Fruit and vegetable preserving and specialty food manufacturing,2021,"5,640,710",1.0,"746,362",1.2,"167,509",1.4,"9,942",2.8,"8,303",3.2,"21,045",2.1,"584,069",1.4,"3,346,579",1.1,"2,325,117",1.2,"128,034",14.6,40% to less than 50%,40% to less than 50%,40% to less than 50%
Wisconsin,3115,Dairy product manufacturing,2021,"20,838,777",1.7,"1,551,436",7.4,"379,368",5.2,"25,657",5.6,"20,547",6.3,"42,940",9.9,"1,065,606",7.6,"14,833,613",2.0,"6,214,502",2.9,"664,019",35.0,20% to less than 30%,10% to less than 20%,20% to less than 30%
Wisconsin,3116,Animal slaughtering and processing,2021,"10,350,410",0.7,"981,274",1.2,"245,410",1.4,"18,233",0.7,"15,128",0.8,"29,389",0.3,"709,498",1.6,"6,703,174",0.5,"3,696,919",1.4,"170,802",2.6,20% to less than 30%,10% to less than 20%,20% to less than 30%
Wisconsin,3117,Seafood product preparation and packaging,2021,"32,416",0.0,"2,187",0.0,613,0.0,78,0.0,73,0.0,86,0.0,"1,965",0.0,"27,829",0.0,D,D,D,D,10% to less than 20%,Less than 10%,20% to less than 30%
Wisconsin,3118,Bakeries and tortilla manufacturing,2021,"1,413,564",1.6,"224,007",3.4,"54,671",3.4,"5,183",8.4,"3,922",9.4,"6,687",8.3,"148,884",4.0,"558,280",1.2,"857,220",2.1,"28,113",3.4,50% to less than 60%,20% to less than 30%,40% to less than 50%
Wisconsin,3119,Other food manufacturing,2021,"5,351,838",1.4,"542,335",1.1,"128,917",1.1,"9,145",1.0,"6,714",1.0,"13,312",1.3,"338,582",1.2,"2,364,085",2.6,"3,000,900",0.5,"107,043",0.6,20% to less than 30%,20% to less than 30%,40% to less than 50%
Wisconsin,312,Beverage and tobacco product manufacturing,2021,"2,238,547",3.8,"267,410",2.4,"64,704",2.5,"4,530",2.9,"2,948",2.9,"5,658",2.8,"172,258",1.7,"1,022,166",6.2,"1,238,546",2.4,"59,477",1.7,10% to less than 20%,10% to less than 20%,40% to less than 50%
Wisconsin,3121,Beverage manufacturing,2021,D,D,D,D,D,D,"2,500 to 4,999 employees",D,D,D,D,D,D,D,D,D,D,D,D,D,D,D,D
Wisconsin,3122,Tobacco manufacturing,2021,D,D,D,D,D,D,20 to 99 employees,D,D,D,D,D,D,D,D,D,D,D,D,D,D,D,D
Wyoming,311,Food manufacturing,2021,"276,157",0.0,"35,749",0.0,"8,913",0.0,777,0.0,670,0.0,"1,243",0.0,"26,601",0.0,"144,024",0.0,D,D,D,D,60% to less than 70%,50% to less than 60%,70% to less than 80%
Wyoming,3111,Animal food manufacturing,2021,D,D,D,D,D,D,0 to 19 employees,D,D,D,D,D,D,D,D,D,D,D,D,D,D,D,D
Wyoming,3112,Grain and oilseed milling,2021,D,D,D,D,D,D,20 to 99 employees,D,D,D,D,D,D,D,D,D,D,D,D,D,D,D,D
Wyoming,3113,Sugar and confectionery product manufacturing,2021,D,D,D,D,D,D,250 to 499 employees,D,D,D,D,D,D,D,D,D,D,D,D,D,D,D,D
Wyoming,3114,Fruit and vegetable preserving and specialty food manufacturing,2021,0,X,0,X,0,X,0,X,0,X,0,X,0,X,0,X,0,X,0,X,Less than 10%,Less than 10%,Less than 10%
Wyoming,3116,Animal slaughtering and processing,2021,D,D,"6,326",0.0,"1,568",0.0,192,0.0,179,0.0,259,0.0,"5,644",0.0,D,D,D,D,D,D,D,Less than 10%,90% to 100%
Wyoming,3118,Bakeries and tortilla manufacturing,2021,D,D,D,D,D,D,80,0.0,D,D,76,0.0,"1,513",0.0,D,D,"3,836",0.0,D,D,D,D,10% to less than 20%
Wyoming,3119,Other food manufacturing,2021,"20,197",0.0,"3,923",0.0,983,0.0,40,0.0,D,D,59,0.0,D,D,D,D,"11,496",0.0,D,D,20% to less than 30%,Less than 10%,90% to 100%
Wyoming,312,Beverage and tobacco product manufacturing,2021,"136,767",17.4,"10,624",8.9,"2,659",9.0,217,18.1,126,37.9,327 (s),45.9,"5,293",18.1,"111,826",24.0,D,D,D,D,Less than 10%,10% to less than 20%,30% to less than 40%
Wyoming,3121,Beverage manufacturing,2021,"136,767",17.4,"10,624",8.9,"2,659",9.0,217,18.1,126,37.9,327 (s),45.9,"5,293",18.1,"111,826",24.0,D,D,D,D,Less than 10%,10% to less than 20%,30% to less than 40%
